"무등동물병원",
"정동물병원",
"전남낙협동물병원","전라남도 나주시 산포면 송림산제길 170","0613368166",
"효진동물병원","전라남도 나주시 왕곡면 나주서부로 4","332-4008",
"코리아동물병원","전라남도 나주시 풍물시장2길 35-8 (이창동)","334-9595",
"부자동물병원","전라남도 나주시 금영로 21 (이창동)",
"나주축협동물병원","전라남도 나주시 왕곡면 영산포로 4","334-7588",
"박인석 동물병원","전라남도 나주시 남평읍 교원교촌길 100","061-335-8275",
"다시동물병원","전라남도 나주시 다시면 다시로 191","0613354522",
"가람동물병원","전라남도 나주시 배멧1길 40 (빛가람동, 창우빌딩 101호)",
"무안동물병원","경상남도 밀양시 무안면 사명로 485-1","352-0135",
"종합동물병원","경상남도 밀양시 내이4길 5 (내이동)","055-353-7001",
"대웅동물병원","경상남도 밀양시 중앙로 388-1 (내이동)","353-6666",
"해동동물병원","경상남도 밀양시 무안면 사명로 510","352-6768",
"혜성동물병원","경상남도 밀양시 백민로7길 9-6 (내이동)","353-1632",
"가야동물병원","경상남도 밀양시 백민로 101-1 (내이동)","352-4663",
"경남동물병원","경상남도 밀양시 남천강변로 43-4 (내일동)","356-3100",
"밀양축협 동물병원","경상남도 밀양시 중앙로 264 (삼문동)","351-2728",
"밀양 한우 동물병원","경상남도 밀양시 삼문중앙로 15-14 (삼문동)","353-7588",
"참좋은동물병원","경상남도 밀양시 밀양대로 1896 (내이동)","055-351-3581",
"보경동물병원","경상남도 밀양시 상남면 고노실길 4","055-355-9985",
"코리아동물병원","경기도 평택시 중앙로 141 (비전동)","656-0524",
"부천축협 사료사업소 동물병원","경기도 평택시 팽성읍 안정로 159",
"경기도 야생동물 구조관리센터","경기도 평택시 진위면 동천길 132-93","03180086212",
"쿨펫동물병원","경기도 평택시 평택5로 30, 3층 (합정동, 롯데마트)","651-5975",
"굿모닝동물병원","경기도 평택시 현덕면 인광2길 58","683-1333",
"맑은숲동물병원","경기도 평택시 추담로 102 (이충동)","662-8222",
"펫사랑동물병원","경기도 평택시 영신로 29 (지제동,이마트2층)","653-0275",
"튼튼동물병원","경기도 평택시 평남로 655 (비전동)","651-8272",
"이형윤동물병원","경기도 평택시 중앙로 128 (합정동)","652-8921",
"다시동물병원","전라남도 나주시 다시면 다시로 191","0613354522",
"가람동물병원","전라남도 나주시 배멧1길 40 (빛가람동, 창우빌딩 101호)",
"무안동물병원","경상남도 밀양시 무안면 사명로 485-1","352-0135",
"종합동물병원","경상남도 밀양시 내이4길 5 (내이동)","055-353-7001",
"대웅동물병원","경상남도 밀양시 중앙로 388-1 (내이동)","353-6666",
"해동동물병원","경상남도 밀양시 무안면 사명로 510","352-6768",
"혜성동물병원","경상남도 밀양시 백민로7길 9-6 (내이동)","353-1632",
"가야동물병원","경상남도 밀양시 백민로 101-1 (내이동)","352-4663",
"경남동물병원","경상남도 밀양시 남천강변로 43-4 (내일동)","356-3100",
"밀양축협 동물병원","경상남도 밀양시 중앙로 264 (삼문동)","351-2728",
"밀양 한우 동물병원","경상남도 밀양시 삼문중앙로 15-14 (삼문동)","353-7588",
"참좋은동물병원","경상남도 밀양시 밀양대로 1896 (내이동)","055-351-3581",
"보경동물병원","경상남도 밀양시 상남면 고노실길 4","055-355-9985",
"코리아동물병원","경기도 평택시 중앙로 141 (비전동)","656-0524",
"부천축협 사료사업소 동물병원","경기도 평택시 팽성읍 안정로 159",
"경기도 야생동물 구조관리센터","경기도 평택시 진위면 동천길 132-93","03180086212",
"쿨펫동물병원","경기도 평택시 평택5로 30, 3층 (합정동, 롯데마트)","651-5975",
"굿모닝동물병원","경기도 평택시 현덕면 인광2길 58","683-1333",
"맑은숲동물병원","경기도 평택시 추담로 102 (이충동)","662-8222",
"펫사랑동물병원","경기도 평택시 영신로 29 (지제동,이마트2층)","653-0275",
"튼튼동물병원","경기도 평택시 평남로 655 (비전동)","651-8272",
"이형윤동물병원","경기도 평택시 중앙로 128 (합정동)","652-8921",
"스누피동물병원","경기도 평택시 서정역로 21 (서정동)","611-7582",
"two현동물병원","경기도 평택시 평택2로 99 (비전동)","070-4067-7858",
"강남동물병원","경기도 평택시 팽성읍 안정쇼핑로 3",
"라뽀동물병원","경기도 평택시 송탄로 255 (서정동)",
"종합동물병원","경기도 평택시 평택로 105 (통복동)","655-4980",
"서울동물병원","경기도 평택시 안중읍 안중로114번길 20","682-2627",
"경기동물병원","경기도 평택시 서정역로58번길 30 (서정동)","666-6501",
"정동물병원","경기도 평택시 안중읍 안중로 94, 105동 (평창빌딩)","681-2406",
"경남동물병원","경상남도 밀양시 남천강변로 43-4 (내일동)","356-3100",
"밀양축협 동물병원","경상남도 밀양시 중앙로 264 (삼문동)","351-2728",
"밀양 한우 동물병원","경상남도 밀양시 삼문중앙로 15-14 (삼문동)","353-7588",
"참좋은동물병원","경상남도 밀양시 밀양대로 1896 (내이동)","055-351-3581",
"보경동물병원","경상남도 밀양시 상남면 고노실길 4","055-355-9985",
"코리아동물병원","경기도 평택시 중앙로 141 (비전동)","656-0524",
"부천축협 사료사업소 동물병원","경기도 평택시 팽성읍 안정로 159",
"경기도 야생동물 구조관리센터","경기도 평택시 진위면 동천길 132-93","03180086212",
"쿨펫동물병원","경기도 평택시 평택5로 30, 3층 (합정동, 롯데마트)","651-5975",
"굿모닝동물병원","경기도 평택시 현덕면 인광2길 58","683-1333",
"맑은숲동물병원","경기도 평택시 추담로 102 (이충동)","662-8222",
"펫사랑동물병원","경기도 평택시 영신로 29 (지제동,이마트2층)","653-0275",
"튼튼동물병원","경기도 평택시 평남로 655 (비전동)","651-8272",
"이형윤동물병원","경기도 평택시 중앙로 128 (합정동)","652-8921",
"스누피동물병원","경기도 평택시 서정역로 21 (서정동)","611-7582",
"two현동물병원","경기도 평택시 평택2로 99 (비전동)","070-4067-7858",
"강남동물병원","경기도 평택시 팽성읍 안정쇼핑로 3",
"라뽀동물병원","경기도 평택시 송탄로 255 (서정동)",
"종합동물병원","경기도 평택시 평택로 105 (통복동)","655-4980",
"서울동물병원","경기도 평택시 안중읍 안중로114번길 20","682-2627",
"경기동물병원","경기도 평택시 서정역로58번길 30 (서정동)","666-6501",
"정동물병원","경기도 평택시 안중읍 안중로 94, 105동 (평창빌딩)","681-2406",
"오암동물병원","경기도 평택시 안중읍 안중로99번길 13-1","682-2470",
"심재훈동물병원","경기도 평택시 탄현로 310-1 (지산동)","662-4805",
"건국동물병원","경기도 평택시 청북읍 율북로 13","665-7763",
"한호동물병원","경기도 평택시 송탄로 202 (서정동)","611-5736",
"제갈동물병원","경기도 평택시 청북읍 율북로 13","665-0376",
"보람동물병원","경기도 평택시 고덕면 동청1길 35","668-9935",
"맥동물병원","경기도 평택시 평택로 80 (평택동)","657-1062",
"이모란동물병원","경기도 평택시 평택로 63 (평택동)","655-1101",
"쿨펫동물병원","경기도 평택시 평택5로 30, 3층 (합정동, 롯데마트)","651-5975",
"굿모닝동물병원","경기도 평택시 현덕면 인광2길 58","683-1333",
"맑은숲동물병원","경기도 평택시 추담로 102 (이충동)","662-8222",
"펫사랑동물병원","경기도 평택시 영신로 29 (지제동,이마트2층)","653-0275",
"튼튼동물병원","경기도 평택시 평남로 655 (비전동)","651-8272",
"이형윤동물병원","경기도 평택시 중앙로 128 (합정동)","652-8921",
"스누피동물병원","경기도 평택시 서정역로 21 (서정동)","611-7582",
"two현동물병원","경기도 평택시 평택2로 99 (비전동)","070-4067-7858",
"강남동물병원","경기도 평택시 팽성읍 안정쇼핑로 3",
"라뽀동물병원","경기도 평택시 송탄로 255 (서정동)",
"종합동물병원","경기도 평택시 평택로 105 (통복동)","655-4980",
"서울동물병원","경기도 평택시 안중읍 안중로114번길 20","682-2627",
"경기동물병원","경기도 평택시 서정역로58번길 30 (서정동)","666-6501",
"정동물병원","경기도 평택시 안중읍 안중로 94, 105동 (평창빌딩)","681-2406",
"오암동물병원","경기도 평택시 안중읍 안중로99번길 13-1","682-2470",
"심재훈동물병원","경기도 평택시 탄현로 310-1 (지산동)","662-4805",
"건국동물병원","경기도 평택시 청북읍 율북로 13","665-7763",
"한호동물병원","경기도 평택시 송탄로 202 (서정동)","611-5736",
"제갈동물병원","경기도 평택시 청북읍 율북로 13","665-0376",
"보람동물병원","경기도 평택시 고덕면 동청1길 35","668-9935",
"맥동물병원","경기도 평택시 평택로 80 (평택동)","657-1062",
"이모란동물병원","경기도 평택시 평택로 63 (평택동)","655-1101",
"누리동물병원","경기도 평택시 송탄로 202 (서정동)",
"블리스 동물병원","경기도 평택시 중앙2로 48-1 (합정동)","031-666-7582",
"비전동물병원","경기도 평택시 비전3로 27, 104, 105호 (비전동)","0316511175",
"송담동물병원","경기도 평택시 안중읍 안현로서8길 35-4 (101호)",
"필립동물병원","경기도 평택시 지산로 34 (지산동)","611-1766",
"김기혁 동물병원 비전동점","경기도 평택시 평남로 652-1 (비전동)","618-8275",
"믿음동물병원","경기도 평택시 문화촌로11번길 51-11 (비전동)","654-2505",
"PET25시동물병원","경기도 평택시 평택로 69 (평택동)","655-6941",
"강남동물병원","경기도 평택시 팽성읍 안정쇼핑로 3",
"라뽀동물병원","경기도 평택시 송탄로 255 (서정동)",
"종합동물병원","경기도 평택시 평택로 105 (통복동)","655-4980",
"서울동물병원","경기도 평택시 안중읍 안중로114번길 20","682-2627",
"경기동물병원","경기도 평택시 서정역로58번길 30 (서정동)","666-6501",
"정동물병원","경기도 평택시 안중읍 안중로 94, 105동 (평창빌딩)","681-2406",
"오암동물병원","경기도 평택시 안중읍 안중로99번길 13-1","682-2470",
"심재훈동물병원","경기도 평택시 탄현로 310-1 (지산동)","662-4805",
"건국동물병원","경기도 평택시 청북읍 율북로 13","665-7763",
"한호동물병원","경기도 평택시 송탄로 202 (서정동)","611-5736",
"제갈동물병원","경기도 평택시 청북읍 율북로 13","665-0376",
"보람동물병원","경기도 평택시 고덕면 동청1길 35","668-9935",
"맥동물병원","경기도 평택시 평택로 80 (평택동)","657-1062",
"이모란동물병원","경기도 평택시 평택로 63 (평택동)","655-1101",
"누리동물병원","경기도 평택시 송탄로 202 (서정동)",
"블리스 동물병원","경기도 평택시 중앙2로 48-1 (합정동)","031-666-7582",
"비전동물병원","경기도 평택시 비전3로 27, 104, 105호 (비전동)","0316511175",
"송담동물병원","경기도 평택시 안중읍 안현로서8길 35-4 (101호)",
"필립동물병원","경기도 평택시 지산로 34 (지산동)","611-1766",
"김기혁 동물병원 비전동점","경기도 평택시 평남로 652-1 (비전동)","618-8275",
"믿음동물병원","경기도 평택시 문화촌로11번길 51-11 (비전동)","654-2505",
"PET25시동물병원","경기도 평택시 평택로 69 (평택동)","655-6941",
"김대일동물병원","경기도 평택시 경기대로 1511 (지산동)",
"펫필드동물병원","경기도 평택시 평택5로114번길 54 (비전동)","6568575",
"현화동물병원","경기도 평택시 안중읍 안현로서6길 38","686-7582",
"안창선동물병원","경기도 평택시 탄현로 276 (지산동)","665-0046",
"평택축협동물병원","경기도 평택시 안중읍 서해로 1146-20","6833003",
"청북동물병원","경기도 평택시 청북읍 청북중앙로 6",
"이솝동물병원","대구광역시 달서구 비슬로 2692 (대곡동)","0536310209",
"리즈 24시 동물병원","강원도 원주시 로아노크로 38 (무실동)","746-7582",
"건국동물병원","경기도 평택시 청북읍 율북로 13","665-7763",
"한호동물병원","경기도 평택시 송탄로 202 (서정동)","611-5736",
"제갈동물병원","경기도 평택시 청북읍 율북로 13","665-0376",
"보람동물병원","경기도 평택시 고덕면 동청1길 35","668-9935",
"맥동물병원","경기도 평택시 평택로 80 (평택동)","657-1062",
"이모란동물병원","경기도 평택시 평택로 63 (평택동)","655-1101",
"누리동물병원","경기도 평택시 송탄로 202 (서정동)",
"블리스 동물병원","경기도 평택시 중앙2로 48-1 (합정동)","031-666-7582",
"비전동물병원","경기도 평택시 비전3로 27, 104, 105호 (비전동)","0316511175",
"송담동물병원","경기도 평택시 안중읍 안현로서8길 35-4 (101호)",
"필립동물병원","경기도 평택시 지산로 34 (지산동)","611-1766",
"김기혁 동물병원 비전동점","경기도 평택시 평남로 652-1 (비전동)","618-8275",
"믿음동물병원","경기도 평택시 문화촌로11번길 51-11 (비전동)","654-2505",
"PET25시동물병원","경기도 평택시 평택로 69 (평택동)","655-6941",
"김대일동물병원","경기도 평택시 경기대로 1511 (지산동)",
"펫필드동물병원","경기도 평택시 평택5로114번길 54 (비전동)","6568575",
"현화동물병원","경기도 평택시 안중읍 안현로서6길 38","686-7582",
"안창선동물병원","경기도 평택시 탄현로 276 (지산동)","665-0046",
"평택축협동물병원","경기도 평택시 안중읍 서해로 1146-20","6833003",
"청북동물병원","경기도 평택시 청북읍 청북중앙로 6",
"이솝동물병원","대구광역시 달서구 비슬로 2692 (대곡동)","0536310209",
"리즈 24시 동물병원","강원도 원주시 로아노크로 38 (무실동)","746-7582",
"김앤강 동물병원","광주광역시 북구 서하로 319-1 (오치동)","224-7582",
"제일동물병원","부산광역시 동구 초량상로 83 (초량동)",
"동구종합동물병원","부산광역시 동구 망양로 835-1 (수정동)",
"시민동물병원","부산광역시 동구 초량상로 84-1 (초량동)","464-5975",
"하나동물병원","부산광역시 동구 진성로21번길 28 (수정동)",
"나래동물병원","서울특별시 광진구 능동로 283 (군자동)","463-3216",
"보람동물병원","서울특별시 광진구 군자로 84 (군자동)","465-7582",
"애플동물병원","서울특별시 광진구 천호대로 642-1 (능동)","455-0077",
"비전동물병원","경기도 평택시 비전3로 27, 104, 105호 (비전동)","0316511175",
"송담동물병원","경기도 평택시 안중읍 안현로서8길 35-4 (101호)",
"필립동물병원","경기도 평택시 지산로 34 (지산동)","611-1766",
"김기혁 동물병원 비전동점","경기도 평택시 평남로 652-1 (비전동)","618-8275",
"믿음동물병원","경기도 평택시 문화촌로11번길 51-11 (비전동)","654-2505",
"PET25시동물병원","경기도 평택시 평택로 69 (평택동)","655-6941",
"김대일동물병원","경기도 평택시 경기대로 1511 (지산동)",
"펫필드동물병원","경기도 평택시 평택5로114번길 54 (비전동)","6568575",
"현화동물병원","경기도 평택시 안중읍 안현로서6길 38","686-7582",
"안창선동물병원","경기도 평택시 탄현로 276 (지산동)","665-0046",
"평택축협동물병원","경기도 평택시 안중읍 서해로 1146-20","6833003",
"청북동물병원","경기도 평택시 청북읍 청북중앙로 6",
"이솝동물병원","대구광역시 달서구 비슬로 2692 (대곡동)","0536310209",
"리즈 24시 동물병원","강원도 원주시 로아노크로 38 (무실동)","746-7582",
"김앤강 동물병원","광주광역시 북구 서하로 319-1 (오치동)","224-7582",
"제일동물병원","부산광역시 동구 초량상로 83 (초량동)",
"동구종합동물병원","부산광역시 동구 망양로 835-1 (수정동)",
"시민동물병원","부산광역시 동구 초량상로 84-1 (초량동)","464-5975",
"하나동물병원","부산광역시 동구 진성로21번길 28 (수정동)",
"나래동물병원","서울특별시 광진구 능동로 283 (군자동)","463-3216",
"보람동물병원","서울특별시 광진구 군자로 84 (군자동)","465-7582",
"애플동물병원","서울특별시 광진구 천호대로 642-1 (능동)","455-0077",
"로엘동물병원","서울특별시 광진구 뚝섬로 622-1 (자양동)","457-8575",
"아라우나동물병원","서울특별시 광진구 뚝섬로 548 (자양동)","455-7975",
"노룬산동물병원","서울특별시 광진구 뚝섬로 462 (자양동)","464-2748",
"에디슨동물병원","서울특별시 광진구 아차산로 530 (광장동)","447-5975",
"준동물병원","서울특별시 광진구 뚝섬로 541 (자양동)","457-2220",
"서울어린이대공원동물병원","서울특별시 광진구 능동로 216 (능동)","450-9306",
"나루동물병원","서울특별시 광진구 아차산로 537-17 (광장동)","457-7582",
"다온동물병원","서울특별시 광진구 면목로 142 (중곡동)","499-7582",
"현화동물병원","경기도 평택시 안중읍 안현로서6길 38","686-7582",
"안창선동물병원","경기도 평택시 탄현로 276 (지산동)","665-0046",
"평택축협동물병원","경기도 평택시 안중읍 서해로 1146-20","6833003",
"청북동물병원","경기도 평택시 청북읍 청북중앙로 6",
"이솝동물병원","대구광역시 달서구 비슬로 2692 (대곡동)","0536310209",
"리즈 24시 동물병원","강원도 원주시 로아노크로 38 (무실동)","746-7582",
"김앤강 동물병원","광주광역시 북구 서하로 319-1 (오치동)","224-7582",
"제일동물병원","부산광역시 동구 초량상로 83 (초량동)",
"동구종합동물병원","부산광역시 동구 망양로 835-1 (수정동)",
"시민동물병원","부산광역시 동구 초량상로 84-1 (초량동)","464-5975",
"하나동물병원","부산광역시 동구 진성로21번길 28 (수정동)",
"나래동물병원","서울특별시 광진구 능동로 283 (군자동)","463-3216",
"보람동물병원","서울특별시 광진구 군자로 84 (군자동)","465-7582",
"애플동물병원","서울특별시 광진구 천호대로 642-1 (능동)","455-0077",
"로엘동물병원","서울특별시 광진구 뚝섬로 622-1 (자양동)","457-8575",
"아라우나동물병원","서울특별시 광진구 뚝섬로 548 (자양동)","455-7975",
"노룬산동물병원","서울특별시 광진구 뚝섬로 462 (자양동)","464-2748",
"에디슨동물병원","서울특별시 광진구 아차산로 530 (광장동)","447-5975",
"준동물병원","서울특별시 광진구 뚝섬로 541 (자양동)","457-2220",
"서울어린이대공원동물병원","서울특별시 광진구 능동로 216 (능동)","450-9306",
"나루동물병원","서울특별시 광진구 아차산로 537-17 (광장동)","457-7582",
"다온동물병원","서울특별시 광진구 면목로 142 (중곡동)","499-7582",
"혜민동물병원","서울특별시 광진구 자양로15길 48, 1층 (자양동)","454-8275",
"자양동물병원","서울특별시 광진구 뚝섬로52길 4 (자양동)","456-0975",
"드림펫 동물병원","서울특별시 광진구 능동로 379 (중곡동)","464-7588",
"서울동물병원","서울특별시 광진구 천호대로 623-1, 1층 (중곡동)","2038-8253",
"삼송우리동물병원","경기도 고양시 덕양구 동세로 22-4, 106,107호 (동산동)","02-381-7553",
"삼송동물의료센터","경기도 고양시 덕양구 삼송로205번길 15 (삼송동)","02-381-9658",
"네내동물병원","경기도 고양시 덕양구 중앙로 472 (행신동)","031-938-0119",
"삼송사랑 동물의료센터","경기도 고양시 덕양구 삼송로 92 (삼송동, 우영프라자 2층)","02-388-8275",
"동구종합동물병원","부산광역시 동구 망양로 835-1 (수정동)",
"시민동물병원","부산광역시 동구 초량상로 84-1 (초량동)","464-5975",
"하나동물병원","부산광역시 동구 진성로21번길 28 (수정동)",
"나래동물병원","서울특별시 광진구 능동로 283 (군자동)","463-3216",
"보람동물병원","서울특별시 광진구 군자로 84 (군자동)","465-7582",
"애플동물병원","서울특별시 광진구 천호대로 642-1 (능동)","455-0077",
"로엘동물병원","서울특별시 광진구 뚝섬로 622-1 (자양동)","457-8575",
"아라우나동물병원","서울특별시 광진구 뚝섬로 548 (자양동)","455-7975",
"노룬산동물병원","서울특별시 광진구 뚝섬로 462 (자양동)","464-2748",
"에디슨동물병원","서울특별시 광진구 아차산로 530 (광장동)","447-5975",
"준동물병원","서울특별시 광진구 뚝섬로 541 (자양동)","457-2220",
"서울어린이대공원동물병원","서울특별시 광진구 능동로 216 (능동)","450-9306",
"나루동물병원","서울특별시 광진구 아차산로 537-17 (광장동)","457-7582",
"다온동물병원","서울특별시 광진구 면목로 142 (중곡동)","499-7582",
"혜민동물병원","서울특별시 광진구 자양로15길 48, 1층 (자양동)","454-8275",
"자양동물병원","서울특별시 광진구 뚝섬로52길 4 (자양동)","456-0975",
"드림펫 동물병원","서울특별시 광진구 능동로 379 (중곡동)","464-7588",
"서울동물병원","서울특별시 광진구 천호대로 623-1, 1층 (중곡동)","2038-8253",
"삼송우리동물병원","경기도 고양시 덕양구 동세로 22-4, 106,107호 (동산동)","02-381-7553",
"삼송동물의료센터","경기도 고양시 덕양구 삼송로205번길 15 (삼송동)","02-381-9658",
"네내동물병원","경기도 고양시 덕양구 중앙로 472 (행신동)","031-938-0119",
"삼송사랑 동물의료센터","경기도 고양시 덕양구 삼송로 92 (삼송동, 우영프라자 2층)","02-388-8275",
"스마트동물병원","대구광역시 수성구 동대구로 247 (범어동)","762-7942",
"모아동물병원","경기도 광명시 하안로 314, 1층 (하안동)",
"청주지웰동물병원","충청북도 청주시 흥덕구 대농로 70, 104호 (복대동, 센트럴타워)","043-239-7575",
"리더스동물병원","부산광역시 해운대구 해운대로 814 (좌동, 세종월드프라자)",
"24시프라임동물병원","대구광역시 달서구 비슬로 2746 (대곡동)","053-631-9966",
"한우리동물병원(출장전문)","전라북도 김제시 금구면 선비로 1036",
"쿨펫동물병원 킨텍스점","경기도 고양시 일산서구 킨텍스로 171 (대화동, 이마트킨텍스점)",
"24시위드동물병원(정왕동동물의료센터)","경기도 시흥시 정왕대로 230, 1층 107호 (정왕동, 제일프라자)","031-488-8075",
"노룬산동물병원","서울특별시 광진구 뚝섬로 462 (자양동)","464-2748",
"에디슨동물병원","서울특별시 광진구 아차산로 530 (광장동)","447-5975",
"준동물병원","서울특별시 광진구 뚝섬로 541 (자양동)","457-2220",
"서울어린이대공원동물병원","서울특별시 광진구 능동로 216 (능동)","450-9306",
"나루동물병원","서울특별시 광진구 아차산로 537-17 (광장동)","457-7582",
"다온동물병원","서울특별시 광진구 면목로 142 (중곡동)","499-7582",
"혜민동물병원","서울특별시 광진구 자양로15길 48, 1층 (자양동)","454-8275",
"자양동물병원","서울특별시 광진구 뚝섬로52길 4 (자양동)","456-0975",
"드림펫 동물병원","서울특별시 광진구 능동로 379 (중곡동)","464-7588",
"서울동물병원","서울특별시 광진구 천호대로 623-1, 1층 (중곡동)","2038-8253",
"삼송우리동물병원","경기도 고양시 덕양구 동세로 22-4, 106,107호 (동산동)","02-381-7553",
"삼송동물의료센터","경기도 고양시 덕양구 삼송로205번길 15 (삼송동)","02-381-9658",
"네내동물병원","경기도 고양시 덕양구 중앙로 472 (행신동)","031-938-0119",
"삼송사랑 동물의료센터","경기도 고양시 덕양구 삼송로 92 (삼송동, 우영프라자 2층)","02-388-8275",
"스마트동물병원","대구광역시 수성구 동대구로 247 (범어동)","762-7942",
"모아동물병원","경기도 광명시 하안로 314, 1층 (하안동)",
"청주지웰동물병원","충청북도 청주시 흥덕구 대농로 70, 104호 (복대동, 센트럴타워)","043-239-7575",
"리더스동물병원","부산광역시 해운대구 해운대로 814 (좌동, 세종월드프라자)",
"24시프라임동물병원","대구광역시 달서구 비슬로 2746 (대곡동)","053-631-9966",
"한우리동물병원(출장전문)","전라북도 김제시 금구면 선비로 1036",
"쿨펫동물병원 킨텍스점","경기도 고양시 일산서구 킨텍스로 171 (대화동, 이마트킨텍스점)",
"24시위드동물병원(정왕동동물의료센터)","경기도 시흥시 정왕대로 230, 1층 107호 (정왕동, 제일프라자)","031-488-8075",
"대전야생동물구조관리센터 동물병원","대전광역시 유성구 대학로 99 (궁동, 충남대학교)","0428217930",
"올리브 동물병원","대전광역시 중구 목동로56번길 5, 1층 (목동)","042-222-3700",
"경서동물병원","경기도 고양시 덕양구 중앙로 136 (화전동)","02-3158-0734",
"더펫동물병원","대구광역시 서구 서대구로 361, 2층 (비산동)","070-4293-0622",
"양지종합동물병원","경기도 용인시 처인구 양지면 중부대로 2219","031-338-7588",
"동물병원 베를린","서울특별시 관악구 남부순환로 1531 (신림동, 태광빌딩)","02-830-1494",
"굿모닝동물병원","서울특별시 강남구 학동로 413 (청담동, 청담빌딩)","02-548-5466",
"첨성대동물병원","경상북도 경주시 충효녹지길 142-7, 상가동 102호 (충효동, 충효대우1차아파트)",
"드림펫 동물병원","서울특별시 광진구 능동로 379 (중곡동)","464-7588",
"서울동물병원","서울특별시 광진구 천호대로 623-1, 1층 (중곡동)","2038-8253",
"삼송우리동물병원","경기도 고양시 덕양구 동세로 22-4, 106,107호 (동산동)","02-381-7553",
"삼송동물의료센터","경기도 고양시 덕양구 삼송로205번길 15 (삼송동)","02-381-9658",
"네내동물병원","경기도 고양시 덕양구 중앙로 472 (행신동)","031-938-0119",
"삼송사랑 동물의료센터","경기도 고양시 덕양구 삼송로 92 (삼송동, 우영프라자 2층)","02-388-8275",
"스마트동물병원","대구광역시 수성구 동대구로 247 (범어동)","762-7942",
"모아동물병원","경기도 광명시 하안로 314, 1층 (하안동)",
"청주지웰동물병원","충청북도 청주시 흥덕구 대농로 70, 104호 (복대동, 센트럴타워)","043-239-7575",
"리더스동물병원","부산광역시 해운대구 해운대로 814 (좌동, 세종월드프라자)",
"24시프라임동물병원","대구광역시 달서구 비슬로 2746 (대곡동)","053-631-9966",
"한우리동물병원(출장전문)","전라북도 김제시 금구면 선비로 1036",
"쿨펫동물병원 킨텍스점","경기도 고양시 일산서구 킨텍스로 171 (대화동, 이마트킨텍스점)",
"24시위드동물병원(정왕동동물의료센터)","경기도 시흥시 정왕대로 230, 1층 107호 (정왕동, 제일프라자)","031-488-8075",
"대전야생동물구조관리센터 동물병원","대전광역시 유성구 대학로 99 (궁동, 충남대학교)","0428217930",
"올리브 동물병원","대전광역시 중구 목동로56번길 5, 1층 (목동)","042-222-3700",
"경서동물병원","경기도 고양시 덕양구 중앙로 136 (화전동)","02-3158-0734",
"더펫동물병원","대구광역시 서구 서대구로 361, 2층 (비산동)","070-4293-0622",
"양지종합동물병원","경기도 용인시 처인구 양지면 중부대로 2219","031-338-7588",
"동물병원 베를린","서울특별시 관악구 남부순환로 1531 (신림동, 태광빌딩)","02-830-1494",
"굿모닝동물병원","서울특별시 강남구 학동로 413 (청담동, 청담빌딩)","02-548-5466",
"첨성대동물병원","경상북도 경주시 충효녹지길 142-7, 상가동 102호 (충효동, 충효대우1차아파트)",
"펫365동물병원","서울특별시 성동구 독서당로 328 (금호동4가)","2282-3653",
"메이동물병원","인천광역시 남동구 만수서로 60 (만수동)","462-0070",
"운정동물의료센터","경기도 파주시 미래로 371, 2층 203호 (동패동)","031-935-5675",
"다독다독동물병원","경상남도 김해시 계동로137번길 4-14 (대청동)","055-331-7582",
"제마동물병원","제주특별자치도 서귀포시 대정읍 형제해안로 256 (바닷가에맛)",
"경인동물의료센터","서울특별시 영등포구 경인로 832, 1층 (영등포동, 대성빌딩)","02-571-8275",
"김포24시힐동물의료센터","경기도 김포시 김포한강2로 11, 근린생활시설 1동 201,202호 (장기동, 수정마을 쌍용예가아파트)","031-987-7585",
"학익동물병원","인천광역시 남구 한나루로 379 (학익동, 제중빌딩)",
"청주지웰동물병원","충청북도 청주시 흥덕구 대농로 70, 104호 (복대동, 센트럴타워)","043-239-7575",
"리더스동물병원","부산광역시 해운대구 해운대로 814 (좌동, 세종월드프라자)",
"24시프라임동물병원","대구광역시 달서구 비슬로 2746 (대곡동)","053-631-9966",
"한우리동물병원(출장전문)","전라북도 김제시 금구면 선비로 1036",
"쿨펫동물병원 킨텍스점","경기도 고양시 일산서구 킨텍스로 171 (대화동, 이마트킨텍스점)",
"24시위드동물병원(정왕동동물의료센터)","경기도 시흥시 정왕대로 230, 1층 107호 (정왕동, 제일프라자)","031-488-8075",
"대전야생동물구조관리센터 동물병원","대전광역시 유성구 대학로 99 (궁동, 충남대학교)","0428217930",
"올리브 동물병원","대전광역시 중구 목동로56번길 5, 1층 (목동)","042-222-3700",
"경서동물병원","경기도 고양시 덕양구 중앙로 136 (화전동)","02-3158-0734",
"더펫동물병원","대구광역시 서구 서대구로 361, 2층 (비산동)","070-4293-0622",
"양지종합동물병원","경기도 용인시 처인구 양지면 중부대로 2219","031-338-7588",
"동물병원 베를린","서울특별시 관악구 남부순환로 1531 (신림동, 태광빌딩)","02-830-1494",
"굿모닝동물병원","서울특별시 강남구 학동로 413 (청담동, 청담빌딩)","02-548-5466",
"첨성대동물병원","경상북도 경주시 충효녹지길 142-7, 상가동 102호 (충효동, 충효대우1차아파트)",
"펫365동물병원","서울특별시 성동구 독서당로 328 (금호동4가)","2282-3653",
"메이동물병원","인천광역시 남동구 만수서로 60 (만수동)","462-0070",
"운정동물의료센터","경기도 파주시 미래로 371, 2층 203호 (동패동)","031-935-5675",
"다독다독동물병원","경상남도 김해시 계동로137번길 4-14 (대청동)","055-331-7582",
"제마동물병원","제주특별자치도 서귀포시 대정읍 형제해안로 256 (바닷가에맛)",
"경인동물의료센터","서울특별시 영등포구 경인로 832, 1층 (영등포동, 대성빌딩)","02-571-8275",
"김포24시힐동물의료센터","경기도 김포시 김포한강2로 11, 근린생활시설 1동 201,202호 (장기동, 수정마을 쌍용예가아파트)","031-987-7585",
"학익동물병원","인천광역시 남구 한나루로 379 (학익동, 제중빌딩)",
"마포 키다리 동물병원","서울특별시 마포구 월드컵북로 262 (성산동, 제2상가동 101,102호 성산시영아파트)","023767675",
"바른동물병원","서울특별시 중구 퇴계로 447, 1층 131호 (황학동, 황학 아크로타워)","02-2232-7975",
"앨리스in동물병원","대구광역시 달서구 조암로 4, 105호 (월성동, 그루메디컬)","0536387585",
"해옴동물병원","부산광역시 강서구 명지오션시티4로 69 (명지동)",
"모현동물병원","전라북도 익산시 선화로 114 (남중동)",
"앙리동물병원","서울특별시 성북구 성북로 66 (성북동, 농협)","02-766-7577",
"내성동물병원","경상북도 봉화군 봉화읍 봉화로 1129-1","054-672-7585",
"정관착한동물병원","부산광역시 기장군 정관읍 정관로 575-3, 2층 202호 (정관제일타워Ⅱ)","051-923-0119",
"경서동물병원","경기도 고양시 덕양구 중앙로 136 (화전동)","02-3158-0734",
"더펫동물병원","대구광역시 서구 서대구로 361, 2층 (비산동)","070-4293-0622",
"양지종합동물병원","경기도 용인시 처인구 양지면 중부대로 2219","031-338-7588",
"동물병원 베를린","서울특별시 관악구 남부순환로 1531 (신림동, 태광빌딩)","02-830-1494",
"굿모닝동물병원","서울특별시 강남구 학동로 413 (청담동, 청담빌딩)","02-548-5466",
"첨성대동물병원","경상북도 경주시 충효녹지길 142-7, 상가동 102호 (충효동, 충효대우1차아파트)",
"펫365동물병원","서울특별시 성동구 독서당로 328 (금호동4가)","2282-3653",
"메이동물병원","인천광역시 남동구 만수서로 60 (만수동)","462-0070",
"운정동물의료센터","경기도 파주시 미래로 371, 2층 203호 (동패동)","031-935-5675",
"다독다독동물병원","경상남도 김해시 계동로137번길 4-14 (대청동)","055-331-7582",
"제마동물병원","제주특별자치도 서귀포시 대정읍 형제해안로 256 (바닷가에맛)",
"경인동물의료센터","서울특별시 영등포구 경인로 832, 1층 (영등포동, 대성빌딩)","02-571-8275",
"김포24시힐동물의료센터","경기도 김포시 김포한강2로 11, 근린생활시설 1동 201,202호 (장기동, 수정마을 쌍용예가아파트)","031-987-7585",
"학익동물병원","인천광역시 남구 한나루로 379 (학익동, 제중빌딩)",
"마포 키다리 동물병원","서울특별시 마포구 월드컵북로 262 (성산동, 제2상가동 101,102호 성산시영아파트)","023767675",
"바른동물병원","서울특별시 중구 퇴계로 447, 1층 131호 (황학동, 황학 아크로타워)","02-2232-7975",
"앨리스in동물병원","대구광역시 달서구 조암로 4, 105호 (월성동, 그루메디컬)","0536387585",
"해옴동물병원","부산광역시 강서구 명지오션시티4로 69 (명지동)",
"모현동물병원","전라북도 익산시 선화로 114 (남중동)",
"앙리동물병원","서울특별시 성북구 성북로 66 (성북동, 농협)","02-766-7577",
"내성동물병원","경상북도 봉화군 봉화읍 봉화로 1129-1","054-672-7585",
"정관착한동물병원","부산광역시 기장군 정관읍 정관로 575-3, 2층 202호 (정관제일타워Ⅱ)","051-923-0119",
"리버풀동물병원","경기도 파주시 중앙로 255 (금촌동, 금남빌딩)","031-945-7297",
"광주동물메디컬센터","광주광역시 광산구 북문대로420번길 206 (신창동)","062-523-0075",
"한사랑 동물병원","제주특별자치도 제주시 인다10길 31 (아라일동)","064-747-3000",
"미사라온동물병원","경기도 하남시 미사강변대로226번길 14, 102호 (망월동, 예스프라자13)","792-7517",
"조은동물병원","인천광역시 남동구 남동대로370번길 113 (논현동)","428-0275",
"늘봄동물병원","경기도 김포시 김포한강9로76번길 21, 109호 (구래동, 애플상가)","031-986-7588",
"24시 온누리동물메디컬센터","경기도 안산시 단원구 광덕대로 251 (고잔동)","031-487-7500",
"대산동물병원","충청남도 서산시 대산읍 구진로 4",
"운정동물의료센터","경기도 파주시 미래로 371, 2층 203호 (동패동)","031-935-5675",
"다독다독동물병원","경상남도 김해시 계동로137번길 4-14 (대청동)","055-331-7582",
"제마동물병원","제주특별자치도 서귀포시 대정읍 형제해안로 256 (바닷가에맛)",
"경인동물의료센터","서울특별시 영등포구 경인로 832, 1층 (영등포동, 대성빌딩)","02-571-8275",
"김포24시힐동물의료센터","경기도 김포시 김포한강2로 11, 근린생활시설 1동 201,202호 (장기동, 수정마을 쌍용예가아파트)","031-987-7585",
"학익동물병원","인천광역시 남구 한나루로 379 (학익동, 제중빌딩)",
"마포 키다리 동물병원","서울특별시 마포구 월드컵북로 262 (성산동, 제2상가동 101,102호 성산시영아파트)","023767675",
"바른동물병원","서울특별시 중구 퇴계로 447, 1층 131호 (황학동, 황학 아크로타워)","02-2232-7975",
"앨리스in동물병원","대구광역시 달서구 조암로 4, 105호 (월성동, 그루메디컬)","0536387585",
"해옴동물병원","부산광역시 강서구 명지오션시티4로 69 (명지동)",
"모현동물병원","전라북도 익산시 선화로 114 (남중동)",
"앙리동물병원","서울특별시 성북구 성북로 66 (성북동, 농협)","02-766-7577",
"내성동물병원","경상북도 봉화군 봉화읍 봉화로 1129-1","054-672-7585",
"정관착한동물병원","부산광역시 기장군 정관읍 정관로 575-3, 2층 202호 (정관제일타워Ⅱ)","051-923-0119",
"리버풀동물병원","경기도 파주시 중앙로 255 (금촌동, 금남빌딩)","031-945-7297",
"광주동물메디컬센터","광주광역시 광산구 북문대로420번길 206 (신창동)","062-523-0075",
"한사랑 동물병원","제주특별자치도 제주시 인다10길 31 (아라일동)","064-747-3000",
"미사라온동물병원","경기도 하남시 미사강변대로226번길 14, 102호 (망월동, 예스프라자13)","792-7517",
"조은동물병원","인천광역시 남동구 남동대로370번길 113 (논현동)","428-0275",
"늘봄동물병원","경기도 김포시 김포한강9로76번길 21, 109호 (구래동, 애플상가)","031-986-7588",
"24시 온누리동물메디컬센터","경기도 안산시 단원구 광덕대로 251 (고잔동)","031-487-7500",
"대산동물병원","충청남도 서산시 대산읍 구진로 4",
"퍼스트동물병원","경기도 화성시 외삼미로 166 (반송동)","031-8003-7596",
"청담눈초롱안과동물병원","서울특별시 강남구 도산대로 539, 4층 (청담동, 금원빌딩)","02-512-7566",
"페츠비동물병원","서울특별시 강남구 도산대로 155, 1-2층 (신사동, 국제빌딩)","02-546-2475~6",
"스마트동물병원 성북길음점","서울특별시 성북구 길음로13길 22, 103호, 104호 (길음동, 길음7구역두산위브아파트)","02-941-5575",
"태안 동물병원","충청남도 태안군 태안읍 후곡로 111 (진경빌딩 1층)",
"월천동물병원 (출장전문)","경기도 안성시 대덕면 만세로 366-14",
"넥스펫동물병원","서울특별시 서초구 효령로 347, 1층 (서초동, 서광빌딩)","02-3474-7582",
"최기중 동물병원","충청남도 태안군 태안읍 중앙로 31-2","041-672-0346",
"앨리스in동물병원","대구광역시 달서구 조암로 4, 105호 (월성동, 그루메디컬)","0536387585",
"해옴동물병원","부산광역시 강서구 명지오션시티4로 69 (명지동)",
"모현동물병원","전라북도 익산시 선화로 114 (남중동)",
"앙리동물병원","서울특별시 성북구 성북로 66 (성북동, 농협)","02-766-7577",
"내성동물병원","경상북도 봉화군 봉화읍 봉화로 1129-1","054-672-7585",
"정관착한동물병원","부산광역시 기장군 정관읍 정관로 575-3, 2층 202호 (정관제일타워Ⅱ)","051-923-0119",
"리버풀동물병원","경기도 파주시 중앙로 255 (금촌동, 금남빌딩)","031-945-7297",
"광주동물메디컬센터","광주광역시 광산구 북문대로420번길 206 (신창동)","062-523-0075",
"한사랑 동물병원","제주특별자치도 제주시 인다10길 31 (아라일동)","064-747-3000",
"미사라온동물병원","경기도 하남시 미사강변대로226번길 14, 102호 (망월동, 예스프라자13)","792-7517",
"조은동물병원","인천광역시 남동구 남동대로370번길 113 (논현동)","428-0275",
"늘봄동물병원","경기도 김포시 김포한강9로76번길 21, 109호 (구래동, 애플상가)","031-986-7588",
"24시 온누리동물메디컬센터","경기도 안산시 단원구 광덕대로 251 (고잔동)","031-487-7500",
"대산동물병원","충청남도 서산시 대산읍 구진로 4",
"퍼스트동물병원","경기도 화성시 외삼미로 166 (반송동)","031-8003-7596",
"청담눈초롱안과동물병원","서울특별시 강남구 도산대로 539, 4층 (청담동, 금원빌딩)","02-512-7566",
"페츠비동물병원","서울특별시 강남구 도산대로 155, 1-2층 (신사동, 국제빌딩)","02-546-2475~6",
"스마트동물병원 성북길음점","서울특별시 성북구 길음로13길 22, 103호, 104호 (길음동, 길음7구역두산위브아파트)","02-941-5575",
"태안 동물병원","충청남도 태안군 태안읍 후곡로 111 (진경빌딩 1층)",
"월천동물병원 (출장전문)","경기도 안성시 대덕면 만세로 366-14",
"넥스펫동물병원","서울특별시 서초구 효령로 347, 1층 (서초동, 서광빌딩)","02-3474-7582",
"최기중 동물병원","충청남도 태안군 태안읍 중앙로 31-2","041-672-0346",
"이창석 동물병원","충청남도 태안군 태안읍 동백로 206","041-675-3378",
"의정부 동물병원 24시 88동물의료원","경기도 의정부시 평화로 452, 1층 (의정부동, 알리안츠생명빌딩)","031-848-8275",
"바른동물병원","경기도 광주시 파발로 107 (송정동, 남성빌딩)","031-762-8875",
"한국동물혈액은행 동물병원","대구광역시 수성구 용학로44길 53 (지산동)",
"미사동물병원","경기도 하남시 미사강변중앙로 223, 203호 (망월동)","031-796-7179",
"반석동물병원","경상북도 경주시 안강읍 화전길 46-1",
"테크노연합 동물병원","대구광역시 달성군 유가면 테크노중앙대로6길 2-4","053-617-8875",
"가온동물병원","경기도 파주시 가온로 116 (목동동)",
"한사랑 동물병원","제주특별자치도 제주시 인다10길 31 (아라일동)","064-747-3000",
"미사라온동물병원","경기도 하남시 미사강변대로226번길 14, 102호 (망월동, 예스프라자13)","792-7517",
"조은동물병원","인천광역시 남동구 남동대로370번길 113 (논현동)","428-0275",
"늘봄동물병원","경기도 김포시 김포한강9로76번길 21, 109호 (구래동, 애플상가)","031-986-7588",
"24시 온누리동물메디컬센터","경기도 안산시 단원구 광덕대로 251 (고잔동)","031-487-7500",
"대산동물병원","충청남도 서산시 대산읍 구진로 4",
"퍼스트동물병원","경기도 화성시 외삼미로 166 (반송동)","031-8003-7596",
"청담눈초롱안과동물병원","서울특별시 강남구 도산대로 539, 4층 (청담동, 금원빌딩)","02-512-7566",
"페츠비동물병원","서울특별시 강남구 도산대로 155, 1-2층 (신사동, 국제빌딩)","02-546-2475~6",
"스마트동물병원 성북길음점","서울특별시 성북구 길음로13길 22, 103호, 104호 (길음동, 길음7구역두산위브아파트)","02-941-5575",
"태안 동물병원","충청남도 태안군 태안읍 후곡로 111 (진경빌딩 1층)",
"월천동물병원 (출장전문)","경기도 안성시 대덕면 만세로 366-14",
"넥스펫동물병원","서울특별시 서초구 효령로 347, 1층 (서초동, 서광빌딩)","02-3474-7582",
"최기중 동물병원","충청남도 태안군 태안읍 중앙로 31-2","041-672-0346",
"이창석 동물병원","충청남도 태안군 태안읍 동백로 206","041-675-3378",
"의정부 동물병원 24시 88동물의료원","경기도 의정부시 평화로 452, 1층 (의정부동, 알리안츠생명빌딩)","031-848-8275",
"바른동물병원","경기도 광주시 파발로 107 (송정동, 남성빌딩)","031-762-8875",
"한국동물혈액은행 동물병원","대구광역시 수성구 용학로44길 53 (지산동)",
"미사동물병원","경기도 하남시 미사강변중앙로 223, 203호 (망월동)","031-796-7179",
"반석동물병원","경상북도 경주시 안강읍 화전길 46-1",
"테크노연합 동물병원","대구광역시 달성군 유가면 테크노중앙대로6길 2-4","053-617-8875",
"가온동물병원","경기도 파주시 가온로 116 (목동동)",
"양평동물의료센터","경기도 양평군 양서면 목왕로 23",
"한샘동물병원","충청북도 청주시 흥덕구 2순환로1261번길 4 (가경동)",
"치유동물병원","충청남도 천안시 동남구 봉정로 6, 2층 (봉명동)","041-900-7582",
"동물병원루니","경기도 성남시 분당구 미금로 251, 112,201,202,203호 (금곡동, 성원상가)","031-719-9545",
"권오성동물병원","울산광역시 남구 중앙로 282 (신정동)",
"서산동물병원","충청남도 서산시 안견로 235 (동문동)","041-667-5525",
"24시 더케어 동물의료센터","경기도 구리시 경춘로 292, 1층 (수택동)","031-516-8585",
"동인동물병원","대구광역시 중구 국채보상로 724 (동인동4가)","424-4258",
"페츠비동물병원","서울특별시 강남구 도산대로 155, 1-2층 (신사동, 국제빌딩)","02-546-2475~6",
"스마트동물병원 성북길음점","서울특별시 성북구 길음로13길 22, 103호, 104호 (길음동, 길음7구역두산위브아파트)","02-941-5575",
"태안 동물병원","충청남도 태안군 태안읍 후곡로 111 (진경빌딩 1층)",
"월천동물병원 (출장전문)","경기도 안성시 대덕면 만세로 366-14",
"넥스펫동물병원","서울특별시 서초구 효령로 347, 1층 (서초동, 서광빌딩)","02-3474-7582",
"최기중 동물병원","충청남도 태안군 태안읍 중앙로 31-2","041-672-0346",
"이창석 동물병원","충청남도 태안군 태안읍 동백로 206","041-675-3378",
"의정부 동물병원 24시 88동물의료원","경기도 의정부시 평화로 452, 1층 (의정부동, 알리안츠생명빌딩)","031-848-8275",
"바른동물병원","경기도 광주시 파발로 107 (송정동, 남성빌딩)","031-762-8875",
"한국동물혈액은행 동물병원","대구광역시 수성구 용학로44길 53 (지산동)",
"미사동물병원","경기도 하남시 미사강변중앙로 223, 203호 (망월동)","031-796-7179",
"반석동물병원","경상북도 경주시 안강읍 화전길 46-1",
"테크노연합 동물병원","대구광역시 달성군 유가면 테크노중앙대로6길 2-4","053-617-8875",
"가온동물병원","경기도 파주시 가온로 116 (목동동)",
"양평동물의료센터","경기도 양평군 양서면 목왕로 23",
"한샘동물병원","충청북도 청주시 흥덕구 2순환로1261번길 4 (가경동)",
"치유동물병원","충청남도 천안시 동남구 봉정로 6, 2층 (봉명동)","041-900-7582",
"동물병원루니","경기도 성남시 분당구 미금로 251, 112,201,202,203호 (금곡동, 성원상가)","031-719-9545",
"권오성동물병원","울산광역시 남구 중앙로 282 (신정동)",
"서산동물병원","충청남도 서산시 안견로 235 (동문동)","041-667-5525",
"24시 더케어 동물의료센터","경기도 구리시 경춘로 292, 1층 (수택동)","031-516-8585",
"동인동물병원","대구광역시 중구 국채보상로 724 (동인동4가)","424-4258",
"고려애견종합병원","대구광역시 중구 중앙대로 333 (남산동)","256-6100",
"중부동물병원","대구광역시 중구 달구벌대로 2114 (봉산동)","253-8278",
"삼덕종합동물병원","대구광역시 중구 달구벌대로 2145 (삼덕동1가)","426-1731",
"동산동물병원","대구광역시 중구 서성로 34 (남성로)","254-3366",
"오원석 황금동물병원","대구광역시 중구 동덕로 56-3 (대봉동)","767-1177",
"대구축산 동물병원","대구광역시 중구 대봉로 278 (대봉동)","053-424-9944",
"최우식동물병원","대구광역시 중구 명덕로 37 (남산동)","767-1588",
"클릭퍼피 동물병원","부산광역시 수영구 수영로702번길 18, 3층 (광안동)",
"바른동물병원","경기도 광주시 파발로 107 (송정동, 남성빌딩)","031-762-8875",
"한국동물혈액은행 동물병원","대구광역시 수성구 용학로44길 53 (지산동)",
"미사동물병원","경기도 하남시 미사강변중앙로 223, 203호 (망월동)","031-796-7179",
"반석동물병원","경상북도 경주시 안강읍 화전길 46-1",
"테크노연합 동물병원","대구광역시 달성군 유가면 테크노중앙대로6길 2-4","053-617-8875",
"가온동물병원","경기도 파주시 가온로 116 (목동동)",
"양평동물의료센터","경기도 양평군 양서면 목왕로 23",
"한샘동물병원","충청북도 청주시 흥덕구 2순환로1261번길 4 (가경동)",
"치유동물병원","충청남도 천안시 동남구 봉정로 6, 2층 (봉명동)","041-900-7582",
"동물병원루니","경기도 성남시 분당구 미금로 251, 112,201,202,203호 (금곡동, 성원상가)","031-719-9545",
"권오성동물병원","울산광역시 남구 중앙로 282 (신정동)",
"서산동물병원","충청남도 서산시 안견로 235 (동문동)","041-667-5525",
"24시 더케어 동물의료센터","경기도 구리시 경춘로 292, 1층 (수택동)","031-516-8585",
"동인동물병원","대구광역시 중구 국채보상로 724 (동인동4가)","424-4258",
"고려애견종합병원","대구광역시 중구 중앙대로 333 (남산동)","256-6100",
"중부동물병원","대구광역시 중구 달구벌대로 2114 (봉산동)","253-8278",
"삼덕종합동물병원","대구광역시 중구 달구벌대로 2145 (삼덕동1가)","426-1731",
"동산동물병원","대구광역시 중구 서성로 34 (남성로)","254-3366",
"오원석 황금동물병원","대구광역시 중구 동덕로 56-3 (대봉동)","767-1177",
"대구축산 동물병원","대구광역시 중구 대봉로 278 (대봉동)","053-424-9944",
"최우식동물병원","대구광역시 중구 명덕로 37 (남산동)","767-1588",
"클릭퍼피 동물병원","부산광역시 수영구 수영로702번길 18, 3층 (광안동)",
"힐스동물병원","경상남도 양산시 물금읍 신주3길 8","055-388-8275",
"윤동물병원·약품(출장진료전문)","충청남도 예산군 고덕면 황금뜰로 215",
"훈 동물병원","경기도 부천시 송내대로 14, 비102호 (송내동, 송내역파인푸르지오2단지)","0325265500",
"수원종합동물병원","경기도 수원시 영통구 중부대로 263, 2층 (원천동)","031-214-5527",
"더펫 동물병원","전라북도 전주시 완산구 서원로 168 (효자동2가)","1566-6880",
"암사동물병원","서울특별시 강동구 올림픽로 793 (암사동)","3426-5079",
"GD동물병원","서울특별시 강동구 상일로 13, 1,2층 (상일동)","429-8822",
"피카소동물병원","서울특별시 강동구 구천면로 431 (명일동)","3427-6419",
"치유동물병원","충청남도 천안시 동남구 봉정로 6, 2층 (봉명동)","041-900-7582",
"동물병원루니","경기도 성남시 분당구 미금로 251, 112,201,202,203호 (금곡동, 성원상가)","031-719-9545",
"권오성동물병원","울산광역시 남구 중앙로 282 (신정동)",
"서산동물병원","충청남도 서산시 안견로 235 (동문동)","041-667-5525",
"24시 더케어 동물의료센터","경기도 구리시 경춘로 292, 1층 (수택동)","031-516-8585",
"동인동물병원","대구광역시 중구 국채보상로 724 (동인동4가)","424-4258",
"고려애견종합병원","대구광역시 중구 중앙대로 333 (남산동)","256-6100",
"중부동물병원","대구광역시 중구 달구벌대로 2114 (봉산동)","253-8278",
"삼덕종합동물병원","대구광역시 중구 달구벌대로 2145 (삼덕동1가)","426-1731",
"동산동물병원","대구광역시 중구 서성로 34 (남성로)","254-3366",
"오원석 황금동물병원","대구광역시 중구 동덕로 56-3 (대봉동)","767-1177",
"대구축산 동물병원","대구광역시 중구 대봉로 278 (대봉동)","053-424-9944",
"최우식동물병원","대구광역시 중구 명덕로 37 (남산동)","767-1588",
"클릭퍼피 동물병원","부산광역시 수영구 수영로702번길 18, 3층 (광안동)",
"힐스동물병원","경상남도 양산시 물금읍 신주3길 8","055-388-8275",
"윤동물병원·약품(출장진료전문)","충청남도 예산군 고덕면 황금뜰로 215",
"훈 동물병원","경기도 부천시 송내대로 14, 비102호 (송내동, 송내역파인푸르지오2단지)","0325265500",
"수원종합동물병원","경기도 수원시 영통구 중부대로 263, 2층 (원천동)","031-214-5527",
"더펫 동물병원","전라북도 전주시 완산구 서원로 168 (효자동2가)","1566-6880",
"암사동물병원","서울특별시 강동구 올림픽로 793 (암사동)","3426-5079",
"GD동물병원","서울특별시 강동구 상일로 13, 1,2층 (상일동)","429-8822",
"피카소동물병원","서울특별시 강동구 구천면로 431 (명일동)","3427-6419",
"길종합동물병원","서울특별시 강동구 천호대로 1199, 1층 104호 (길동)","484-0075",
"세종동물병원","서울특별시 강동구 구천면로 237 (천호동)","484-8414",
"광나루동물병원","서울특별시 강동구 올림픽로 800 (암사동)","3427-7582",
"가나동물병원","서울특별시 강동구 고덕로 101 (암사동)","441-8588",
"다래동물병원","서울특별시 강동구 구천면로 289 (천호동)","474-0117",
"쥬라기동물병원","서울특별시 강동구 올림픽로 703 (천호동)","488-7463",
"사랑이있는동물병원","서울특별시 강동구 구천면로 446 (명일동)","426-0292",
"두루동물병원","서울특별시 강동구 구천면로 498-1 (명일동)","442-7772-3",
"삼덕종합동물병원","대구광역시 중구 달구벌대로 2145 (삼덕동1가)","426-1731",
"동산동물병원","대구광역시 중구 서성로 34 (남성로)","254-3366",
"오원석 황금동물병원","대구광역시 중구 동덕로 56-3 (대봉동)","767-1177",
"대구축산 동물병원","대구광역시 중구 대봉로 278 (대봉동)","053-424-9944",
"최우식동물병원","대구광역시 중구 명덕로 37 (남산동)","767-1588",
"클릭퍼피 동물병원","부산광역시 수영구 수영로702번길 18, 3층 (광안동)",
"힐스동물병원","경상남도 양산시 물금읍 신주3길 8","055-388-8275",
"윤동물병원·약품(출장진료전문)","충청남도 예산군 고덕면 황금뜰로 215",
"훈 동물병원","경기도 부천시 송내대로 14, 비102호 (송내동, 송내역파인푸르지오2단지)","0325265500",
"수원종합동물병원","경기도 수원시 영통구 중부대로 263, 2층 (원천동)","031-214-5527",
"더펫 동물병원","전라북도 전주시 완산구 서원로 168 (효자동2가)","1566-6880",
"암사동물병원","서울특별시 강동구 올림픽로 793 (암사동)","3426-5079",
"GD동물병원","서울특별시 강동구 상일로 13, 1,2층 (상일동)","429-8822",
"피카소동물병원","서울특별시 강동구 구천면로 431 (명일동)","3427-6419",
"길종합동물병원","서울특별시 강동구 천호대로 1199, 1층 104호 (길동)","484-0075",
"세종동물병원","서울특별시 강동구 구천면로 237 (천호동)","484-8414",
"광나루동물병원","서울특별시 강동구 올림픽로 800 (암사동)","3427-7582",
"가나동물병원","서울특별시 강동구 고덕로 101 (암사동)","441-8588",
"다래동물병원","서울특별시 강동구 구천면로 289 (천호동)","474-0117",
"쥬라기동물병원","서울특별시 강동구 올림픽로 703 (천호동)","488-7463",
"사랑이있는동물병원","서울특별시 강동구 구천면로 446 (명일동)","426-0292",
"두루동물병원","서울특별시 강동구 구천면로 498-1 (명일동)","442-7772-3",
"강동동물병원","서울특별시 강동구 양재대로 1532 (길동)","472-7343",
"둔촌동물병원","서울특별시 강동구 양재대로 1385 (성내동)","474-5100",
"김태화동물병원","서울특별시 강동구 천호대로 1190 (둔촌동)","486-4252",
"해태동물병원","서울특별시 강동구 동남로73길 26 (명일동)","427-5685",
"현대종합동물병원","서울특별시 강동구 구천면로 238 (천호동)","488-3703",
"CH동물병원","서울특별시 강동구 구천면로 322 (천호동)","488-7510",
"열린24시동물병원","서울특별시 강동구 양재대로 1508 (길동)","487-7575",
"박형우동물병원","서울특별시 강동구 올림픽로 560, 1층 (성내동)","02-488-8275",
"훈 동물병원","경기도 부천시 송내대로 14, 비102호 (송내동, 송내역파인푸르지오2단지)","0325265500",
"수원종합동물병원","경기도 수원시 영통구 중부대로 263, 2층 (원천동)","031-214-5527",
"더펫 동물병원","전라북도 전주시 완산구 서원로 168 (효자동2가)","1566-6880",
"암사동물병원","서울특별시 강동구 올림픽로 793 (암사동)","3426-5079",
"GD동물병원","서울특별시 강동구 상일로 13, 1,2층 (상일동)","429-8822",
"피카소동물병원","서울특별시 강동구 구천면로 431 (명일동)","3427-6419",
"길종합동물병원","서울특별시 강동구 천호대로 1199, 1층 104호 (길동)","484-0075",
"세종동물병원","서울특별시 강동구 구천면로 237 (천호동)","484-8414",
"광나루동물병원","서울특별시 강동구 올림픽로 800 (암사동)","3427-7582",
"가나동물병원","서울특별시 강동구 고덕로 101 (암사동)","441-8588",
"다래동물병원","서울특별시 강동구 구천면로 289 (천호동)","474-0117",
"쥬라기동물병원","서울특별시 강동구 올림픽로 703 (천호동)","488-7463",
"사랑이있는동물병원","서울특별시 강동구 구천면로 446 (명일동)","426-0292",
"두루동물병원","서울특별시 강동구 구천면로 498-1 (명일동)","442-7772-3",
"강동동물병원","서울특별시 강동구 양재대로 1532 (길동)","472-7343",
"둔촌동물병원","서울특별시 강동구 양재대로 1385 (성내동)","474-5100",
"김태화동물병원","서울특별시 강동구 천호대로 1190 (둔촌동)","486-4252",
"해태동물병원","서울특별시 강동구 동남로73길 26 (명일동)","427-5685",
"현대종합동물병원","서울특별시 강동구 구천면로 238 (천호동)","488-3703",
"CH동물병원","서울특별시 강동구 구천면로 322 (천호동)","488-7510",
"열린24시동물병원","서울특별시 강동구 양재대로 1508 (길동)","487-7575",
"박형우동물병원","서울특별시 강동구 올림픽로 560, 1층 (성내동)","02-488-8275",
"정동물병원","서울특별시 강동구 상암로 64 (천호동)","474-7588",
"펫클럽동물병원","서울특별시 강동구 구천면로 428, 108호 (명일동, 센트로빌)","3428-4036",
"시온동물병원","서울특별시 강동구 천호대로 1057 (천호동)","476-8275",
"늘사랑동물병원","서울특별시 강동구 고덕로 162, 101호 (명일동)","442-2223",
"Dr.베토벤동물병원","서울특별시 강동구 구천면로 664 (상일동)",
"성내동물병원","서울특별시 강동구 풍성로 145 (성내동)","484-5252",
"서울동물메디컬센터","서울특별시 강동구 양재대로 1410, 1층 (둔촌동, 준영빌딩)",
"비타민동물병원","서울특별시 강동구 동남로81길 82 (고덕동)","426-7509",
"광나루동물병원","서울특별시 강동구 올림픽로 800 (암사동)","3427-7582",
"가나동물병원","서울특별시 강동구 고덕로 101 (암사동)","441-8588",
"다래동물병원","서울특별시 강동구 구천면로 289 (천호동)","474-0117",
"쥬라기동물병원","서울특별시 강동구 올림픽로 703 (천호동)","488-7463",
"사랑이있는동물병원","서울특별시 강동구 구천면로 446 (명일동)","426-0292",
"두루동물병원","서울특별시 강동구 구천면로 498-1 (명일동)","442-7772-3",
"강동동물병원","서울특별시 강동구 양재대로 1532 (길동)","472-7343",
"둔촌동물병원","서울특별시 강동구 양재대로 1385 (성내동)","474-5100",
"김태화동물병원","서울특별시 강동구 천호대로 1190 (둔촌동)","486-4252",
"해태동물병원","서울특별시 강동구 동남로73길 26 (명일동)","427-5685",
"현대종합동물병원","서울특별시 강동구 구천면로 238 (천호동)","488-3703",
"CH동물병원","서울특별시 강동구 구천면로 322 (천호동)","488-7510",
"열린24시동물병원","서울특별시 강동구 양재대로 1508 (길동)","487-7575",
"박형우동물병원","서울특별시 강동구 올림픽로 560, 1층 (성내동)","02-488-8275",
"정동물병원","서울특별시 강동구 상암로 64 (천호동)","474-7588",
"펫클럽동물병원","서울특별시 강동구 구천면로 428, 108호 (명일동, 센트로빌)","3428-4036",
"시온동물병원","서울특별시 강동구 천호대로 1057 (천호동)","476-8275",
"늘사랑동물병원","서울특별시 강동구 고덕로 162, 101호 (명일동)","442-2223",
"Dr.베토벤동물병원","서울특별시 강동구 구천면로 664 (상일동)",
"성내동물병원","서울특별시 강동구 풍성로 145 (성내동)","484-5252",
"서울동물메디컬센터","서울특별시 강동구 양재대로 1410, 1층 (둔촌동, 준영빌딩)",
"비타민동물병원","서울특별시 강동구 동남로81길 82 (고덕동)","426-7509",
"아프리카동물병원","서울특별시 강동구 아리수로 421, 101호 (강일동, MIDC빌딩)","426-7722",
"한나동물병원","서울특별시 강동구 풍성로 197, 102호 (성내동, 한강훼밀리아파트)","479-2275",
"석동물병원","서울특별시 강동구 성안로 10 (성내동)",
"미드미동물의료센터","서울특별시 강동구 양재대로 1588 (명일동, 연우빌딩)",
"위즈펫동물병원 강동점","서울특별시 강동구 양재대로 1571 (천호동, 홈플러스 1층)","02-488-7524",
"Dr.주 동물병원","서울특별시 강동구 양재대로 1376 (둔촌동, 광안빌딩)","02 470 0030",
"내품에동물병원","서울특별시 강동구 천호대로 1120 (길동)","024771775",
"강앤정 동물병원","서울특별시 서대문구 가재울미래로 2, 204동 1층 102-2,103-1호 (남가좌동, DMC파크뷰자이)","02-305-7505",
"김태화동물병원","서울특별시 강동구 천호대로 1190 (둔촌동)","486-4252",
"해태동물병원","서울특별시 강동구 동남로73길 26 (명일동)","427-5685",
"현대종합동물병원","서울특별시 강동구 구천면로 238 (천호동)","488-3703",
"CH동물병원","서울특별시 강동구 구천면로 322 (천호동)","488-7510",
"열린24시동물병원","서울특별시 강동구 양재대로 1508 (길동)","487-7575",
"박형우동물병원","서울특별시 강동구 올림픽로 560, 1층 (성내동)","02-488-8275",
"정동물병원","서울특별시 강동구 상암로 64 (천호동)","474-7588",
"펫클럽동물병원","서울특별시 강동구 구천면로 428, 108호 (명일동, 센트로빌)","3428-4036",
"시온동물병원","서울특별시 강동구 천호대로 1057 (천호동)","476-8275",
"늘사랑동물병원","서울특별시 강동구 고덕로 162, 101호 (명일동)","442-2223",
"Dr.베토벤동물병원","서울특별시 강동구 구천면로 664 (상일동)",
"성내동물병원","서울특별시 강동구 풍성로 145 (성내동)","484-5252",
"서울동물메디컬센터","서울특별시 강동구 양재대로 1410, 1층 (둔촌동, 준영빌딩)",
"비타민동물병원","서울특별시 강동구 동남로81길 82 (고덕동)","426-7509",
"아프리카동물병원","서울특별시 강동구 아리수로 421, 101호 (강일동, MIDC빌딩)","426-7722",
"한나동물병원","서울특별시 강동구 풍성로 197, 102호 (성내동, 한강훼밀리아파트)","479-2275",
"석동물병원","서울특별시 강동구 성안로 10 (성내동)",
"미드미동물의료센터","서울특별시 강동구 양재대로 1588 (명일동, 연우빌딩)",
"위즈펫동물병원 강동점","서울특별시 강동구 양재대로 1571 (천호동, 홈플러스 1층)","02-488-7524",
"Dr.주 동물병원","서울특별시 강동구 양재대로 1376 (둔촌동, 광안빌딩)","02 470 0030",
"내품에동물병원","서울특별시 강동구 천호대로 1120 (길동)","024771775",
"강앤정 동물병원","서울특별시 서대문구 가재울미래로 2, 204동 1층 102-2,103-1호 (남가좌동, DMC파크뷰자이)","02-305-7505",
"옥포동물병원","경상남도 거제시 옥포대첩로 20, 1층 (옥포동)",
"쓰담동물병원","경기도 부천시 소향로 131, 108호호 (중동, 일신빌딩)","0323297599",
"타잔동물병원","경기도 평택시 비전2로 192 (비전동, 메가타워)","031-651-8879",
"마린숲 동물병원","부산광역시 해운대구 마린시티3로 37, 207호 (우동, 한일오르듀)","051-742-7585",
"주주동물병원","경상남도 김해시 덕정로 85 (관동동)",
"레오동물병원","경기도 김포시 고촌읍 김포대로 348, 1층",
"그레이트 동물병원","경기도 성남시 분당구 정자로 80, 1층 (정자동, 정자프라자)","031-716-7975",
"고마운 동물병원","울산광역시 동구 미포1길 56, 1층 (동부동)","052-251-7172",
"시온동물병원","서울특별시 강동구 천호대로 1057 (천호동)","476-8275",
"늘사랑동물병원","서울특별시 강동구 고덕로 162, 101호 (명일동)","442-2223",
"Dr.베토벤동물병원","서울특별시 강동구 구천면로 664 (상일동)",
"성내동물병원","서울특별시 강동구 풍성로 145 (성내동)","484-5252",
"서울동물메디컬센터","서울특별시 강동구 양재대로 1410, 1층 (둔촌동, 준영빌딩)",
"비타민동물병원","서울특별시 강동구 동남로81길 82 (고덕동)","426-7509",
"아프리카동물병원","서울특별시 강동구 아리수로 421, 101호 (강일동, MIDC빌딩)","426-7722",
"한나동물병원","서울특별시 강동구 풍성로 197, 102호 (성내동, 한강훼밀리아파트)","479-2275",
"석동물병원","서울특별시 강동구 성안로 10 (성내동)",
"미드미동물의료센터","서울특별시 강동구 양재대로 1588 (명일동, 연우빌딩)",
"위즈펫동물병원 강동점","서울특별시 강동구 양재대로 1571 (천호동, 홈플러스 1층)","02-488-7524",
"Dr.주 동물병원","서울특별시 강동구 양재대로 1376 (둔촌동, 광안빌딩)","02 470 0030",
"내품에동물병원","서울특별시 강동구 천호대로 1120 (길동)","024771775",
"강앤정 동물병원","서울특별시 서대문구 가재울미래로 2, 204동 1층 102-2,103-1호 (남가좌동, DMC파크뷰자이)","02-305-7505",
"옥포동물병원","경상남도 거제시 옥포대첩로 20, 1층 (옥포동)",
"쓰담동물병원","경기도 부천시 소향로 131, 108호호 (중동, 일신빌딩)","0323297599",
"타잔동물병원","경기도 평택시 비전2로 192 (비전동, 메가타워)","031-651-8879",
"마린숲 동물병원","부산광역시 해운대구 마린시티3로 37, 207호 (우동, 한일오르듀)","051-742-7585",
"주주동물병원","경상남도 김해시 덕정로 85 (관동동)",
"레오동물병원","경기도 김포시 고촌읍 김포대로 348, 1층",
"그레이트 동물병원","경기도 성남시 분당구 정자로 80, 1층 (정자동, 정자프라자)","031-716-7975",
"고마운 동물병원","울산광역시 동구 미포1길 56, 1층 (동부동)","052-251-7172",
"365동물병원 위례점","경기도 성남시 수정구 위례동로 153, 205호 (창곡동, 에이플타워)","031-751-0365",
"이황 동물병원","서울특별시 마포구 월드컵로 147, 1층 (망원동, 한익빌딩)",
"봄날동물의료센터","경기도 평택시 만세로 1842 (비전동)","031-8054-7582",
"보드미동물병원","경기도 구리시 갈매중앙로55번길 107 (갈매동)","031-572-7571",
"서울대학교 대동물병원","강원도 평창군 대화면 평창대로 1597-1 (서울대학교그린바이오과학기술연구원)",
"도그플러스동물병원","경상북도 구미시 구미대로 174, 2층 (광평동, 홈플러스구미광평점)","054-462-0075",
"와우 동물병원","서울특별시 마포구 월드컵북로 167 (성산동)","023751963",
"호수동물병원","경기도 시흥시 목감남서로 9-19, 103호 (조남동)","031-403-0075",
"석동물병원","서울특별시 강동구 성안로 10 (성내동)",
"미드미동물의료센터","서울특별시 강동구 양재대로 1588 (명일동, 연우빌딩)",
"위즈펫동물병원 강동점","서울특별시 강동구 양재대로 1571 (천호동, 홈플러스 1층)","02-488-7524",
"Dr.주 동물병원","서울특별시 강동구 양재대로 1376 (둔촌동, 광안빌딩)","02 470 0030",
"내품에동물병원","서울특별시 강동구 천호대로 1120 (길동)","024771775",
"강앤정 동물병원","서울특별시 서대문구 가재울미래로 2, 204동 1층 102-2,103-1호 (남가좌동, DMC파크뷰자이)","02-305-7505",
"옥포동물병원","경상남도 거제시 옥포대첩로 20, 1층 (옥포동)",
"쓰담동물병원","경기도 부천시 소향로 131, 108호호 (중동, 일신빌딩)","0323297599",
"타잔동물병원","경기도 평택시 비전2로 192 (비전동, 메가타워)","031-651-8879",
"마린숲 동물병원","부산광역시 해운대구 마린시티3로 37, 207호 (우동, 한일오르듀)","051-742-7585",
"주주동물병원","경상남도 김해시 덕정로 85 (관동동)",
"레오동물병원","경기도 김포시 고촌읍 김포대로 348, 1층",
"그레이트 동물병원","경기도 성남시 분당구 정자로 80, 1층 (정자동, 정자프라자)","031-716-7975",
"고마운 동물병원","울산광역시 동구 미포1길 56, 1층 (동부동)","052-251-7172",
"365동물병원 위례점","경기도 성남시 수정구 위례동로 153, 205호 (창곡동, 에이플타워)","031-751-0365",
"이황 동물병원","서울특별시 마포구 월드컵로 147, 1층 (망원동, 한익빌딩)",
"봄날동물의료센터","경기도 평택시 만세로 1842 (비전동)","031-8054-7582",
"보드미동물병원","경기도 구리시 갈매중앙로55번길 107 (갈매동)","031-572-7571",
"서울대학교 대동물병원","강원도 평창군 대화면 평창대로 1597-1 (서울대학교그린바이오과학기술연구원)",
"도그플러스동물병원","경상북도 구미시 구미대로 174, 2층 (광평동, 홈플러스구미광평점)","054-462-0075",
"와우 동물병원","서울특별시 마포구 월드컵북로 167 (성산동)","023751963",
"호수동물병원","경기도 시흥시 목감남서로 9-19, 103호 (조남동)","031-403-0075",
"24시 수유 바른펫 동물의료센터","서울특별시 강북구 노해로 65, 1, 2층 (수유동, 리안스페이스)","02-903-7582",
"스칸디동물병원","경기도 성남시 수정구 위례광장로 70 (창곡동, 아트리버푸르지오)",
"고덕 고래힐동물병원","서울특별시 강동구 아리수로50길 50 (고덕동, 래미안힐스테이트고덕 상가 2층 212,213호)","02-441-5515",
"해운대 24시 동물의료원","부산광역시 해운대구 양운로 45, 111호 (좌동, 해운대베르나움)",
"야탑서울동물병원","경기도 성남시 분당구 벌말로 33, 206호 (야탑동, 일심조합상가)","0505-315-1234",
"죽전 쿨펫동물병원","경기도 용인시 수지구 포은대로 552, 3층 (죽전동, 이마트)","031-261-7512",
"위즈펫동물병원 풍산점","경기도 고양시 일산동구 무궁화로 237 (풍동)",
"미엘동물병원","경기도 파주시 청석로 264, 201호 (동패동, 거묵프라자)","031-935-5009",
"타잔동물병원","경기도 평택시 비전2로 192 (비전동, 메가타워)","031-651-8879",
"마린숲 동물병원","부산광역시 해운대구 마린시티3로 37, 207호 (우동, 한일오르듀)","051-742-7585",
"주주동물병원","경상남도 김해시 덕정로 85 (관동동)",
"레오동물병원","경기도 김포시 고촌읍 김포대로 348, 1층",
"그레이트 동물병원","경기도 성남시 분당구 정자로 80, 1층 (정자동, 정자프라자)","031-716-7975",
"고마운 동물병원","울산광역시 동구 미포1길 56, 1층 (동부동)","052-251-7172",
"365동물병원 위례점","경기도 성남시 수정구 위례동로 153, 205호 (창곡동, 에이플타워)","031-751-0365",
"이황 동물병원","서울특별시 마포구 월드컵로 147, 1층 (망원동, 한익빌딩)",
"봄날동물의료센터","경기도 평택시 만세로 1842 (비전동)","031-8054-7582",
"보드미동물병원","경기도 구리시 갈매중앙로55번길 107 (갈매동)","031-572-7571",
"서울대학교 대동물병원","강원도 평창군 대화면 평창대로 1597-1 (서울대학교그린바이오과학기술연구원)",
"도그플러스동물병원","경상북도 구미시 구미대로 174, 2층 (광평동, 홈플러스구미광평점)","054-462-0075",
"와우 동물병원","서울특별시 마포구 월드컵북로 167 (성산동)","023751963",
"호수동물병원","경기도 시흥시 목감남서로 9-19, 103호 (조남동)","031-403-0075",
"24시 수유 바른펫 동물의료센터","서울특별시 강북구 노해로 65, 1, 2층 (수유동, 리안스페이스)","02-903-7582",
"스칸디동물병원","경기도 성남시 수정구 위례광장로 70 (창곡동, 아트리버푸르지오)",
"고덕 고래힐동물병원","서울특별시 강동구 아리수로50길 50 (고덕동, 래미안힐스테이트고덕 상가 2층 212,213호)","02-441-5515",
"해운대 24시 동물의료원","부산광역시 해운대구 양운로 45, 111호 (좌동, 해운대베르나움)",
"야탑서울동물병원","경기도 성남시 분당구 벌말로 33, 206호 (야탑동, 일심조합상가)","0505-315-1234",
"죽전 쿨펫동물병원","경기도 용인시 수지구 포은대로 552, 3층 (죽전동, 이마트)","031-261-7512",
"위즈펫동물병원 풍산점","경기도 고양시 일산동구 무궁화로 237 (풍동)",
"미엘동물병원","경기도 파주시 청석로 264, 201호 (동패동, 거묵프라자)","031-935-5009",
"24시 SNC 동물메디컬센터","서울특별시 강남구 논현로 416, 1층 (역삼동, 운기빌딩)",
"본리종합동물병원","대구광역시 달서구 용산로 52 (장기동)","053-567-8275",
"미래동물의료센터","경기도 성남시 분당구 서현로255번길 1, 1층 (서현동)",
"청주온누리동물메디컬센터","충청북도 청주시 청원구 1순환로 148, 201호 (율량동)",
"화정힐동물병원","광주광역시 서구 화정로 211 (화정동, 유니버시아드힐스테이트2단지)","062-382-8575",
"우리덕구동물병원","서울특별시 은평구 진관2로 77, 205동 지하1층 B104호 (진관동, 은평뉴타운우물골)","02-6953-8275",
"본 동물메디컬센터","대구광역시 달서구 월배로 165 (진천동)","053-634-7582",
"이n김동물병원","서울특별시 도봉구 마들로 664, 2층 (도봉동, 킴스타워)","9556530",
"봄날동물의료센터","경기도 평택시 만세로 1842 (비전동)","031-8054-7582",
"보드미동물병원","경기도 구리시 갈매중앙로55번길 107 (갈매동)","031-572-7571",
"서울대학교 대동물병원","강원도 평창군 대화면 평창대로 1597-1 (서울대학교그린바이오과학기술연구원)",
"도그플러스동물병원","경상북도 구미시 구미대로 174, 2층 (광평동, 홈플러스구미광평점)","054-462-0075",
"와우 동물병원","서울특별시 마포구 월드컵북로 167 (성산동)","023751963",
"호수동물병원","경기도 시흥시 목감남서로 9-19, 103호 (조남동)","031-403-0075",
"24시 수유 바른펫 동물의료센터","서울특별시 강북구 노해로 65, 1, 2층 (수유동, 리안스페이스)","02-903-7582",
"스칸디동물병원","경기도 성남시 수정구 위례광장로 70 (창곡동, 아트리버푸르지오)",
"고덕 고래힐동물병원","서울특별시 강동구 아리수로50길 50 (고덕동, 래미안힐스테이트고덕 상가 2층 212,213호)","02-441-5515",
"해운대 24시 동물의료원","부산광역시 해운대구 양운로 45, 111호 (좌동, 해운대베르나움)",
"야탑서울동물병원","경기도 성남시 분당구 벌말로 33, 206호 (야탑동, 일심조합상가)","0505-315-1234",
"죽전 쿨펫동물병원","경기도 용인시 수지구 포은대로 552, 3층 (죽전동, 이마트)","031-261-7512",
"위즈펫동물병원 풍산점","경기도 고양시 일산동구 무궁화로 237 (풍동)",
"미엘동물병원","경기도 파주시 청석로 264, 201호 (동패동, 거묵프라자)","031-935-5009",
"24시 SNC 동물메디컬센터","서울특별시 강남구 논현로 416, 1층 (역삼동, 운기빌딩)",
"본리종합동물병원","대구광역시 달서구 용산로 52 (장기동)","053-567-8275",
"미래동물의료센터","경기도 성남시 분당구 서현로255번길 1, 1층 (서현동)",
"청주온누리동물메디컬센터","충청북도 청주시 청원구 1순환로 148, 201호 (율량동)",
"화정힐동물병원","광주광역시 서구 화정로 211 (화정동, 유니버시아드힐스테이트2단지)","062-382-8575",
"우리덕구동물병원","서울특별시 은평구 진관2로 77, 205동 지하1층 B104호 (진관동, 은평뉴타운우물골)","02-6953-8275",
"본 동물메디컬센터","대구광역시 달서구 월배로 165 (진천동)","053-634-7582",
"이n김동물병원","서울특별시 도봉구 마들로 664, 2층 (도봉동, 킴스타워)","9556530",
"서울동물병원","경상남도 창녕군 창녕읍 우포2로 1215, 203호",
"쿨펫동물병원 광교이마트점","경기도 수원시 영통구 광교로 191, 3층 (이의동)","031-211-7782",
"굿닥터동물병원","경상남도 진주시 사들로 52, 105호 (충무공동, 배제빌딩)","055-752-3365",
"가든펫동물병원","서울특별시 은평구 증산로9길 26-23, 지하1층 (증산동)","02-373-5555",
"쿨펫동물병원 롯데마트 금정점","부산광역시 금정구 중앙대로 1731 (부곡동, 롯데마트)","514-2470",
"닥터차 동물병원","충청남도 홍성군 홍북읍 청사로 146",
"국립축산과학원 축산자원개발부 동물병원","","041-580-3409",
"도담동물병원","전라북도 군산시 수송로 291, 2층 (미장동)","0634526700",
"고덕 고래힐동물병원","서울특별시 강동구 아리수로50길 50 (고덕동, 래미안힐스테이트고덕 상가 2층 212,213호)","02-441-5515",
"해운대 24시 동물의료원","부산광역시 해운대구 양운로 45, 111호 (좌동, 해운대베르나움)",
"야탑서울동물병원","경기도 성남시 분당구 벌말로 33, 206호 (야탑동, 일심조합상가)","0505-315-1234",
"죽전 쿨펫동물병원","경기도 용인시 수지구 포은대로 552, 3층 (죽전동, 이마트)","031-261-7512",
"위즈펫동물병원 풍산점","경기도 고양시 일산동구 무궁화로 237 (풍동)",
"미엘동물병원","경기도 파주시 청석로 264, 201호 (동패동, 거묵프라자)","031-935-5009",
"24시 SNC 동물메디컬센터","서울특별시 강남구 논현로 416, 1층 (역삼동, 운기빌딩)",
"본리종합동물병원","대구광역시 달서구 용산로 52 (장기동)","053-567-8275",
"미래동물의료센터","경기도 성남시 분당구 서현로255번길 1, 1층 (서현동)",
"청주온누리동물메디컬센터","충청북도 청주시 청원구 1순환로 148, 201호 (율량동)",
"화정힐동물병원","광주광역시 서구 화정로 211 (화정동, 유니버시아드힐스테이트2단지)","062-382-8575",
"우리덕구동물병원","서울특별시 은평구 진관2로 77, 205동 지하1층 B104호 (진관동, 은평뉴타운우물골)","02-6953-8275",
"본 동물메디컬센터","대구광역시 달서구 월배로 165 (진천동)","053-634-7582",
"이n김동물병원","서울특별시 도봉구 마들로 664, 2층 (도봉동, 킴스타워)","9556530",
"서울동물병원","경상남도 창녕군 창녕읍 우포2로 1215, 203호",
"쿨펫동물병원 광교이마트점","경기도 수원시 영통구 광교로 191, 3층 (이의동)","031-211-7782",
"굿닥터동물병원","경상남도 진주시 사들로 52, 105호 (충무공동, 배제빌딩)","055-752-3365",
"가든펫동물병원","서울특별시 은평구 증산로9길 26-23, 지하1층 (증산동)","02-373-5555",
"쿨펫동물병원 롯데마트 금정점","부산광역시 금정구 중앙대로 1731 (부곡동, 롯데마트)","514-2470",
"닥터차 동물병원","충청남도 홍성군 홍북읍 청사로 146",
"국립축산과학원 축산자원개발부 동물병원","","041-580-3409",
"도담동물병원","전라북도 군산시 수송로 291, 2층 (미장동)","0634526700",
"이브동물병원","부산광역시 부산진구 거제대로 14, 2층 (양정동)",
"정다운동물병원","충청남도 천안시 서북구 불당25로 192, 124호 (불당동, 골든주차타워)","041-557-7553",
"홍현관동물병원","강원도 태백시 황지로 80 (황지동)","552-9117",
"태백동물병원","강원도 태백시 번영로 212 (황지동)","553-3622",
"뉴광명종합동물병원","경기도 광명시 광명로 868 (광명동)","2060-7577",
"동물나라동물병원","경기도 광명시 범안로 1030 (하안동,103호)","896-7582",
"철산동물병원","경기도 광명시 철산로30번길 24 (철산동,철산상업지구 서울종합빌딩1층)","2060-0818",
"행복한동물병원","경기도 광명시 광복로 45-1 (광명동)","2625-7575",
"미래동물의료센터","경기도 성남시 분당구 서현로255번길 1, 1층 (서현동)",
"청주온누리동물메디컬센터","충청북도 청주시 청원구 1순환로 148, 201호 (율량동)",
"화정힐동물병원","광주광역시 서구 화정로 211 (화정동, 유니버시아드힐스테이트2단지)","062-382-8575",
"우리덕구동물병원","서울특별시 은평구 진관2로 77, 205동 지하1층 B104호 (진관동, 은평뉴타운우물골)","02-6953-8275",
"본 동물메디컬센터","대구광역시 달서구 월배로 165 (진천동)","053-634-7582",
"이n김동물병원","서울특별시 도봉구 마들로 664, 2층 (도봉동, 킴스타워)","9556530",
"서울동물병원","경상남도 창녕군 창녕읍 우포2로 1215, 203호",
"쿨펫동물병원 광교이마트점","경기도 수원시 영통구 광교로 191, 3층 (이의동)","031-211-7782",
"굿닥터동물병원","경상남도 진주시 사들로 52, 105호 (충무공동, 배제빌딩)","055-752-3365",
"가든펫동물병원","서울특별시 은평구 증산로9길 26-23, 지하1층 (증산동)","02-373-5555",
"쿨펫동물병원 롯데마트 금정점","부산광역시 금정구 중앙대로 1731 (부곡동, 롯데마트)","514-2470",
"닥터차 동물병원","충청남도 홍성군 홍북읍 청사로 146",
"국립축산과학원 축산자원개발부 동물병원","","041-580-3409",
"도담동물병원","전라북도 군산시 수송로 291, 2층 (미장동)","0634526700",
"이브동물병원","부산광역시 부산진구 거제대로 14, 2층 (양정동)",
"정다운동물병원","충청남도 천안시 서북구 불당25로 192, 124호 (불당동, 골든주차타워)","041-557-7553",
"홍현관동물병원","강원도 태백시 황지로 80 (황지동)","552-9117",
"태백동물병원","강원도 태백시 번영로 212 (황지동)","553-3622",
"뉴광명종합동물병원","경기도 광명시 광명로 868 (광명동)","2060-7577",
"동물나라동물병원","경기도 광명시 범안로 1030 (하안동,103호)","896-7582",
"철산동물병원","경기도 광명시 철산로30번길 24 (철산동,철산상업지구 서울종합빌딩1층)","2060-0818",
"행복한동물병원","경기도 광명시 광복로 45-1 (광명동)","2625-7575",
"닥터심 동물병원","경기도 광명시 광명로 818 (광명동)","2618-0075",
"진종합동물병원","경기도 광명시 금하로 541-8, 1층 (소하동)","898-7584",
"웰니스 동물병원","경기도 광명시 소하로 97 (소하동,3층)","899-8779",
"해담동물병원","경기도 광명시 디지털로 13 (철산동)","588-8275",
"광명시티동물병원","경기도 광명시 금하로 522 (소하동)","897-7585",
"봄빛동물병원","경기도 광명시 디지털로 56, 101호 (철산동, 래미안자이상가 )","2619-7588",
"하안동물병원","경기도 광명시 하안로 309, 1층 105호 (하안동, 세인빌딩 )","02-897-7580",
"마음동물병원","경기도 광명시 성채로50번길 25 (소하동)","02-897-9993",
"굿닥터동물병원","경상남도 진주시 사들로 52, 105호 (충무공동, 배제빌딩)","055-752-3365",
"가든펫동물병원","서울특별시 은평구 증산로9길 26-23, 지하1층 (증산동)","02-373-5555",
"쿨펫동물병원 롯데마트 금정점","부산광역시 금정구 중앙대로 1731 (부곡동, 롯데마트)","514-2470",
"닥터차 동물병원","충청남도 홍성군 홍북읍 청사로 146",
"국립축산과학원 축산자원개발부 동물병원","","041-580-3409",
"도담동물병원","전라북도 군산시 수송로 291, 2층 (미장동)","0634526700",
"이브동물병원","부산광역시 부산진구 거제대로 14, 2층 (양정동)",
"정다운동물병원","충청남도 천안시 서북구 불당25로 192, 124호 (불당동, 골든주차타워)","041-557-7553",
"홍현관동물병원","강원도 태백시 황지로 80 (황지동)","552-9117",
"태백동물병원","강원도 태백시 번영로 212 (황지동)","553-3622",
"뉴광명종합동물병원","경기도 광명시 광명로 868 (광명동)","2060-7577",
"동물나라동물병원","경기도 광명시 범안로 1030 (하안동,103호)","896-7582",
"철산동물병원","경기도 광명시 철산로30번길 24 (철산동,철산상업지구 서울종합빌딩1층)","2060-0818",
"행복한동물병원","경기도 광명시 광복로 45-1 (광명동)","2625-7575",
"닥터심 동물병원","경기도 광명시 광명로 818 (광명동)","2618-0075",
"진종합동물병원","경기도 광명시 금하로 541-8, 1층 (소하동)","898-7584",
"웰니스 동물병원","경기도 광명시 소하로 97 (소하동,3층)","899-8779",
"해담동물병원","경기도 광명시 디지털로 13 (철산동)","588-8275",
"광명시티동물병원","경기도 광명시 금하로 522 (소하동)","897-7585",
"봄빛동물병원","경기도 광명시 디지털로 56, 101호 (철산동, 래미안자이상가 )","2619-7588",
"하안동물병원","경기도 광명시 하안로 309, 1층 105호 (하안동, 세인빌딩 )","02-897-7580",
"마음동물병원","경기도 광명시 성채로50번길 25 (소하동)","02-897-9993",
"금정동물병원","경기도 군포시 금산로 100 (산본동)","031-394-2259",
"산본동물병원","경기도 군포시 산본천로 212 (산본동)","394-0816",
"명동물병원","경기도 군포시 번영로 602 (금정동)","452-7582",
"그랜드동물병원","경기도 군포시 군포로 521-1 (당동)","453-7582",
"제일동물병원","경기도 군포시 산본로 394, 1동 108,109호 (산본동, 대림프라자)","392-8850",
"토비동물병원","경기도 군포시 산본천로 198 (산본동)","399-1175",
"강남동물병원","경기도 군포시 산본로343번길 23, 104호 (산본동)","399-7599",
"행복나눔동물병원","경기도 군포시 군포로476번길 2, 1층 (당동)","398-9975",
"홍현관동물병원","강원도 태백시 황지로 80 (황지동)","552-9117",
"태백동물병원","강원도 태백시 번영로 212 (황지동)","553-3622",
"뉴광명종합동물병원","경기도 광명시 광명로 868 (광명동)","2060-7577",
"동물나라동물병원","경기도 광명시 범안로 1030 (하안동,103호)","896-7582",
"철산동물병원","경기도 광명시 철산로30번길 24 (철산동,철산상업지구 서울종합빌딩1층)","2060-0818",
"행복한동물병원","경기도 광명시 광복로 45-1 (광명동)","2625-7575",
"닥터심 동물병원","경기도 광명시 광명로 818 (광명동)","2618-0075",
"진종합동물병원","경기도 광명시 금하로 541-8, 1층 (소하동)","898-7584",
"웰니스 동물병원","경기도 광명시 소하로 97 (소하동,3층)","899-8779",
"해담동물병원","경기도 광명시 디지털로 13 (철산동)","588-8275",
"광명시티동물병원","경기도 광명시 금하로 522 (소하동)","897-7585",
"봄빛동물병원","경기도 광명시 디지털로 56, 101호 (철산동, 래미안자이상가 )","2619-7588",
"하안동물병원","경기도 광명시 하안로 309, 1층 105호 (하안동, 세인빌딩 )","02-897-7580",
"마음동물병원","경기도 광명시 성채로50번길 25 (소하동)","02-897-9993",
"금정동물병원","경기도 군포시 금산로 100 (산본동)","031-394-2259",
"산본동물병원","경기도 군포시 산본천로 212 (산본동)","394-0816",
"명동물병원","경기도 군포시 번영로 602 (금정동)","452-7582",
"그랜드동물병원","경기도 군포시 군포로 521-1 (당동)","453-7582",
"제일동물병원","경기도 군포시 산본로 394, 1동 108,109호 (산본동, 대림프라자)","392-8850",
"토비동물병원","경기도 군포시 산본천로 198 (산본동)","399-1175",
"강남동물병원","경기도 군포시 산본로343번길 23, 104호 (산본동)","399-7599",
"행복나눔동물병원","경기도 군포시 군포로476번길 2, 1층 (당동)","398-9975",
"산본중앙동물병원","경기도 군포시 고산로 686 (산본동)","031)395-0079",
"웰동물병원","경기도 군포시 산본천로 99, 103호 (산본동, 디퍼아울렛타운)","031-393-0975",
"프라하동물병원","경기도 군포시 용호1로 4, 104호 (당동)","031-391-7075",
"군포굿닥터동물병원","경기도 군포시 고산로 242, 1층 (당동)","031-391-7533",
"진선동물병원","경기도 오산시 성호대로 36 (오산동)",
"오산동물병원","경기도 오산시 성호대로 108 (원동)",
"원 종합동물병원","경기도 오산시 대원로 37-1 (원동)",
"25시 종합동물병원","경기도 오산시 성호대로 97 (오산동)","031-378-1114",
"웰니스 동물병원","경기도 광명시 소하로 97 (소하동,3층)","899-8779",
"해담동물병원","경기도 광명시 디지털로 13 (철산동)","588-8275",
"광명시티동물병원","경기도 광명시 금하로 522 (소하동)","897-7585",
"봄빛동물병원","경기도 광명시 디지털로 56, 101호 (철산동, 래미안자이상가 )","2619-7588",
"하안동물병원","경기도 광명시 하안로 309, 1층 105호 (하안동, 세인빌딩 )","02-897-7580",
"마음동물병원","경기도 광명시 성채로50번길 25 (소하동)","02-897-9993",
"금정동물병원","경기도 군포시 금산로 100 (산본동)","031-394-2259",
"산본동물병원","경기도 군포시 산본천로 212 (산본동)","394-0816",
"명동물병원","경기도 군포시 번영로 602 (금정동)","452-7582",
"그랜드동물병원","경기도 군포시 군포로 521-1 (당동)","453-7582",
"제일동물병원","경기도 군포시 산본로 394, 1동 108,109호 (산본동, 대림프라자)","392-8850",
"토비동물병원","경기도 군포시 산본천로 198 (산본동)","399-1175",
"강남동물병원","경기도 군포시 산본로343번길 23, 104호 (산본동)","399-7599",
"행복나눔동물병원","경기도 군포시 군포로476번길 2, 1층 (당동)","398-9975",
"산본중앙동물병원","경기도 군포시 고산로 686 (산본동)","031)395-0079",
"웰동물병원","경기도 군포시 산본천로 99, 103호 (산본동, 디퍼아울렛타운)","031-393-0975",
"프라하동물병원","경기도 군포시 용호1로 4, 104호 (당동)","031-391-7075",
"군포굿닥터동물병원","경기도 군포시 고산로 242, 1층 (당동)","031-391-7533",
"진선동물병원","경기도 오산시 성호대로 36 (오산동)",
"오산동물병원","경기도 오산시 성호대로 108 (원동)",
"원 종합동물병원","경기도 오산시 대원로 37-1 (원동)",
"25시 종합동물병원","경기도 오산시 성호대로 97 (오산동)","031-378-1114",
"우리동물병원","경기도 오산시 경기대로 178 (원동, 102,103호)","373-8486",
"쥬만지 동물병원","경기도 오산시 청학로 109 (궐동)","3740275",
"미소 동물병원","경기도 오산시 수청로 188 (금암동, 롯데슈퍼)","031-374-2579",
"튼튼동물병원","경기도 오산시 궐리사로 69 (궐동)","031-372-8333",
"저스트벳 동물병원","경기도 오산시 원동로 6 (원동, 파크스퀘어 105~106호)","031-378-1514",
"참동물병원","경기도 오산시 오산로 91-10 (갈곶동, 광성빌딩 101호)","031-374-1275",
"경기동물메디컬센터","경기도 오산시 운천로 3 (원동, 101호, 201호)","031-375-8875",
"혜수애견병원","경기도 의정부시 태평로 124 (의정부동)",
"명동물병원","경기도 군포시 번영로 602 (금정동)","452-7582",
"그랜드동물병원","경기도 군포시 군포로 521-1 (당동)","453-7582",
"제일동물병원","경기도 군포시 산본로 394, 1동 108,109호 (산본동, 대림프라자)","392-8850",
"토비동물병원","경기도 군포시 산본천로 198 (산본동)","399-1175",
"강남동물병원","경기도 군포시 산본로343번길 23, 104호 (산본동)","399-7599",
"행복나눔동물병원","경기도 군포시 군포로476번길 2, 1층 (당동)","398-9975",
"산본중앙동물병원","경기도 군포시 고산로 686 (산본동)","031)395-0079",
"웰동물병원","경기도 군포시 산본천로 99, 103호 (산본동, 디퍼아울렛타운)","031-393-0975",
"프라하동물병원","경기도 군포시 용호1로 4, 104호 (당동)","031-391-7075",
"군포굿닥터동물병원","경기도 군포시 고산로 242, 1층 (당동)","031-391-7533",
"진선동물병원","경기도 오산시 성호대로 36 (오산동)",
"오산동물병원","경기도 오산시 성호대로 108 (원동)",
"원 종합동물병원","경기도 오산시 대원로 37-1 (원동)",
"25시 종합동물병원","경기도 오산시 성호대로 97 (오산동)","031-378-1114",
"우리동물병원","경기도 오산시 경기대로 178 (원동, 102,103호)","373-8486",
"쥬만지 동물병원","경기도 오산시 청학로 109 (궐동)","3740275",
"미소 동물병원","경기도 오산시 수청로 188 (금암동, 롯데슈퍼)","031-374-2579",
"튼튼동물병원","경기도 오산시 궐리사로 69 (궐동)","031-372-8333",
"저스트벳 동물병원","경기도 오산시 원동로 6 (원동, 파크스퀘어 105~106호)","031-378-1514",
"참동물병원","경기도 오산시 오산로 91-10 (갈곶동, 광성빌딩 101호)","031-374-1275",
"경기동물메디컬센터","경기도 오산시 운천로 3 (원동, 101호, 201호)","031-375-8875",
"혜수애견병원","경기도 의정부시 태평로 124 (의정부동)",
"가능동물병원","경기도 의정부시 가능로 37 (가능동)","875-1476",
"장암종합동물병원","경기도 의정부시 동일로 468 (신곡동)","843-1415",
"사랑동물병원","경기도 의정부시 금신로 317 (신곡동)","847-7335",
"신촌동물병원","경기도 의정부시 신흥로 357-1 (가능동)","877-0675(6)",
"로얄펫동물병원","경기도 의정부시 신흥로 171 (의정부동)","879-4478(9)",
"민락동물병원","경기도 의정부시 용현로 130 (민락동)",
"의정부종합동물병원","경기도 의정부시 시민로 154 (의정부동)","846-9600",
"호원종합동물병원","경기도 의정부시  평화로  374 (호원동)","031-826-8875",
"프라하동물병원","경기도 군포시 용호1로 4, 104호 (당동)","031-391-7075",
"군포굿닥터동물병원","경기도 군포시 고산로 242, 1층 (당동)","031-391-7533",
"진선동물병원","경기도 오산시 성호대로 36 (오산동)",
"오산동물병원","경기도 오산시 성호대로 108 (원동)",
"원 종합동물병원","경기도 오산시 대원로 37-1 (원동)",
"25시 종합동물병원","경기도 오산시 성호대로 97 (오산동)","031-378-1114",
"우리동물병원","경기도 오산시 경기대로 178 (원동, 102,103호)","373-8486",
"쥬만지 동물병원","경기도 오산시 청학로 109 (궐동)","3740275",
"미소 동물병원","경기도 오산시 수청로 188 (금암동, 롯데슈퍼)","031-374-2579",
"튼튼동물병원","경기도 오산시 궐리사로 69 (궐동)","031-372-8333",
"저스트벳 동물병원","경기도 오산시 원동로 6 (원동, 파크스퀘어 105~106호)","031-378-1514",
"참동물병원","경기도 오산시 오산로 91-10 (갈곶동, 광성빌딩 101호)","031-374-1275",
"경기동물메디컬센터","경기도 오산시 운천로 3 (원동, 101호, 201호)","031-375-8875",
"혜수애견병원","경기도 의정부시 태평로 124 (의정부동)",
"가능동물병원","경기도 의정부시 가능로 37 (가능동)","875-1476",
"장암종합동물병원","경기도 의정부시 동일로 468 (신곡동)","843-1415",
"사랑동물병원","경기도 의정부시 금신로 317 (신곡동)","847-7335",
"신촌동물병원","경기도 의정부시 신흥로 357-1 (가능동)","877-0675(6)",
"로얄펫동물병원","경기도 의정부시 신흥로 171 (의정부동)","879-4478(9)",
"민락동물병원","경기도 의정부시 용현로 130 (민락동)",
"의정부종합동물병원","경기도 의정부시 시민로 154 (의정부동)","846-9600",
"호원종합동물병원","경기도 의정부시  평화로  374 (호원동)","031-826-8875",
"녹양동물병원","경기도 의정부시 녹양로 66 (녹양동)","855-0275",
"하나동물병원","경기도 의정부시 부용로 187 (신곡동)",
"프렌즈동물병원","경기도 의정부시 호국로 1300 (의정부동)","845-2500",
"금오동물병원","경기도 의정부시 청사로 37 (금오동,신세계프라자 112호)",
"도그플러스 동물병원","경기도 의정부시 청사로 38, 홈플러스 3층 (금오동)","031-851-7373",
"럭키동물병원","경기도 의정부시 평화로 238 (호원동)","031-875-1559",
"에이스동물메디컬센터","경기도 의정부시 태평로 102-1 (의정부동)",
"오즈동물병원","경기도 의정부시 추동로 9, 206호 (신곡동)","031-840-0075",
"미소 동물병원","경기도 오산시 수청로 188 (금암동, 롯데슈퍼)","031-374-2579",
"튼튼동물병원","경기도 오산시 궐리사로 69 (궐동)","031-372-8333",
"저스트벳 동물병원","경기도 오산시 원동로 6 (원동, 파크스퀘어 105~106호)","031-378-1514",
"참동물병원","경기도 오산시 오산로 91-10 (갈곶동, 광성빌딩 101호)","031-374-1275",
"경기동물메디컬센터","경기도 오산시 운천로 3 (원동, 101호, 201호)","031-375-8875",
"혜수애견병원","경기도 의정부시 태평로 124 (의정부동)",
"가능동물병원","경기도 의정부시 가능로 37 (가능동)","875-1476",
"장암종합동물병원","경기도 의정부시 동일로 468 (신곡동)","843-1415",
"사랑동물병원","경기도 의정부시 금신로 317 (신곡동)","847-7335",
"신촌동물병원","경기도 의정부시 신흥로 357-1 (가능동)","877-0675(6)",
"로얄펫동물병원","경기도 의정부시 신흥로 171 (의정부동)","879-4478(9)",
"민락동물병원","경기도 의정부시 용현로 130 (민락동)",
"의정부종합동물병원","경기도 의정부시 시민로 154 (의정부동)","846-9600",
"호원종합동물병원","경기도 의정부시  평화로  374 (호원동)","031-826-8875",
"녹양동물병원","경기도 의정부시 녹양로 66 (녹양동)","855-0275",
"하나동물병원","경기도 의정부시 부용로 187 (신곡동)",
"프렌즈동물병원","경기도 의정부시 호국로 1300 (의정부동)","845-2500",
"금오동물병원","경기도 의정부시 청사로 37 (금오동,신세계프라자 112호)",
"도그플러스 동물병원","경기도 의정부시 청사로 38, 홈플러스 3층 (금오동)","031-851-7373",
"럭키동물병원","경기도 의정부시 평화로 238 (호원동)","031-875-1559",
"에이스동물메디컬센터","경기도 의정부시 태평로 102-1 (의정부동)",
"오즈동물병원","경기도 의정부시 추동로 9, 206호 (신곡동)","031-840-0075",
"하트만 동물병원","경기도 의정부시 외미로 100 (호원동, 회룡타운 111호)","031-874-7533",
"서울동물병원","경기도 의정부시 용현로 152, 103호 (민락동)","031-852-7733",
"위즈펫동물병원","경기도 의정부시 산단로76번길 116 (용현동, 롯데마트 2층)","031-853-0275",
"제일동물병원","경기도 의정부시 태평로 116 (의정부동)","848-4598",
"햇살동물병원","경기도 의정부시 오목로18번길 2 (용현동, 현대빌딩 2층)","031-827-8275",
"바른동물병원","경기도 의정부시 평화로 559-1 (의정부동, 명빌딩)",
"의정부 24시 IU 동물병원","경기도 의정부시 태평로 52 (의정부동)","031-871-7588",
"가평가축병원","경기도 가평군 가평읍 오리나무길 27 (조은장여관)","582-2412",
"사랑동물병원","경기도 의정부시 금신로 317 (신곡동)","847-7335",
"신촌동물병원","경기도 의정부시 신흥로 357-1 (가능동)","877-0675(6)",
"로얄펫동물병원","경기도 의정부시 신흥로 171 (의정부동)","879-4478(9)",
"민락동물병원","경기도 의정부시 용현로 130 (민락동)",
"의정부종합동물병원","경기도 의정부시 시민로 154 (의정부동)","846-9600",
"호원종합동물병원","경기도 의정부시  평화로  374 (호원동)","031-826-8875",
"녹양동물병원","경기도 의정부시 녹양로 66 (녹양동)","855-0275",
"하나동물병원","경기도 의정부시 부용로 187 (신곡동)",
"프렌즈동물병원","경기도 의정부시 호국로 1300 (의정부동)","845-2500",
"금오동물병원","경기도 의정부시 청사로 37 (금오동,신세계프라자 112호)",
"도그플러스 동물병원","경기도 의정부시 청사로 38, 홈플러스 3층 (금오동)","031-851-7373",
"럭키동물병원","경기도 의정부시 평화로 238 (호원동)","031-875-1559",
"에이스동물메디컬센터","경기도 의정부시 태평로 102-1 (의정부동)",
"오즈동물병원","경기도 의정부시 추동로 9, 206호 (신곡동)","031-840-0075",
"하트만 동물병원","경기도 의정부시 외미로 100 (호원동, 회룡타운 111호)","031-874-7533",
"서울동물병원","경기도 의정부시 용현로 152, 103호 (민락동)","031-852-7733",
"위즈펫동물병원","경기도 의정부시 산단로76번길 116 (용현동, 롯데마트 2층)","031-853-0275",
"제일동물병원","경기도 의정부시 태평로 116 (의정부동)","848-4598",
"햇살동물병원","경기도 의정부시 오목로18번길 2 (용현동, 현대빌딩 2층)","031-827-8275",
"바른동물병원","경기도 의정부시 평화로 559-1 (의정부동, 명빌딩)",
"의정부 24시 IU 동물병원","경기도 의정부시 태평로 52 (의정부동)","031-871-7588",
"가평가축병원","경기도 가평군 가평읍 오리나무길 27 (조은장여관)","582-2412",
"현대가축병원",
"경기동물병원",
"현리동물병원","경기도 가평군 조종면 현창로 70 (현리동물병원)",
"푸른가축병원(산업동물출장진료전문병원)","","031-582-8012",
"가평축산농협 동물병원","경기도 가평군 가평읍 가화로 55-13","031-582-4111",
"선진가축병원(산업동물출장진료전문병원)","경기도 가평군 가평읍 향교로 3","070-8739-6388",
"청평동물병원","경기도 가평군 청평면 청평중앙로 55-1","585-7573",
"설악동물병원","경기도 가평군 설악면 신천중앙로 117","584-3063",
"프렌즈동물병원","경기도 의정부시 호국로 1300 (의정부동)","845-2500",
"금오동물병원","경기도 의정부시 청사로 37 (금오동,신세계프라자 112호)",
"도그플러스 동물병원","경기도 의정부시 청사로 38, 홈플러스 3층 (금오동)","031-851-7373",
"럭키동물병원","경기도 의정부시 평화로 238 (호원동)","031-875-1559",
"에이스동물메디컬센터","경기도 의정부시 태평로 102-1 (의정부동)",
"오즈동물병원","경기도 의정부시 추동로 9, 206호 (신곡동)","031-840-0075",
"하트만 동물병원","경기도 의정부시 외미로 100 (호원동, 회룡타운 111호)","031-874-7533",
"서울동물병원","경기도 의정부시 용현로 152, 103호 (민락동)","031-852-7733",
"위즈펫동물병원","경기도 의정부시 산단로76번길 116 (용현동, 롯데마트 2층)","031-853-0275",
"제일동물병원","경기도 의정부시 태평로 116 (의정부동)","848-4598",
"햇살동물병원","경기도 의정부시 오목로18번길 2 (용현동, 현대빌딩 2층)","031-827-8275",
"바른동물병원","경기도 의정부시 평화로 559-1 (의정부동, 명빌딩)",
"의정부 24시 IU 동물병원","경기도 의정부시 태평로 52 (의정부동)","031-871-7588",
"가평가축병원","경기도 가평군 가평읍 오리나무길 27 (조은장여관)","582-2412",
"현대가축병원",
"경기동물병원",
"현리동물병원","경기도 가평군 조종면 현창로 70 (현리동물병원)",
"푸른가축병원(산업동물출장진료전문병원)","","031-582-8012",
"가평축산농협 동물병원","경기도 가평군 가평읍 가화로 55-13","031-582-4111",
"선진가축병원(산업동물출장진료전문병원)","경기도 가평군 가평읍 향교로 3","070-8739-6388",
"청평동물병원","경기도 가평군 청평면 청평중앙로 55-1","585-7573",
"설악동물병원","경기도 가평군 설악면 신천중앙로 117","584-3063",
"에덴동물병원","전라남도 진도군 진도읍 교동3길 2","061-542-2785",
"진도개메디컬센터","전라남도 진도군 진도읍 성죽골길 37","061-540-6313",
"가람동물병원","경상남도 창원시 마산회원구 3·15대로 846 (합성동)","055-292-7375",
"위드펫동물병원","경상남도 창원시 마산회원구 3·15대로 809 (합성동)","055-296-4400",
"사랑으로동물병원","경상남도 창원시 마산회원구 합성서1길 157 (합성동)","055-253-7507",
"진북동물병원","경상남도 창원시 마산합포구 진북면 학동로 537-48","055-271-7271",
"삼계동물병원","경상남도 창원시 마산회원구 내서읍 경남대로 975-1","055-232-0075",
"24시 팔용feel동물병원","경상남도 창원시 의창구 평산로 102 (팔용동, 녹주빌딩 102~104호)","255-1275",
"위즈펫동물병원","경기도 의정부시 산단로76번길 116 (용현동, 롯데마트 2층)","031-853-0275",
"제일동물병원","경기도 의정부시 태평로 116 (의정부동)","848-4598",
"햇살동물병원","경기도 의정부시 오목로18번길 2 (용현동, 현대빌딩 2층)","031-827-8275",
"바른동물병원","경기도 의정부시 평화로 559-1 (의정부동, 명빌딩)",
"의정부 24시 IU 동물병원","경기도 의정부시 태평로 52 (의정부동)","031-871-7588",
"가평가축병원","경기도 가평군 가평읍 오리나무길 27 (조은장여관)","582-2412",
"현대가축병원",
"경기동물병원",
"현리동물병원","경기도 가평군 조종면 현창로 70 (현리동물병원)",
"푸른가축병원(산업동물출장진료전문병원)","","031-582-8012",
"가평축산농협 동물병원","경기도 가평군 가평읍 가화로 55-13","031-582-4111",
"선진가축병원(산업동물출장진료전문병원)","경기도 가평군 가평읍 향교로 3","070-8739-6388",
"청평동물병원","경기도 가평군 청평면 청평중앙로 55-1","585-7573",
"설악동물병원","경기도 가평군 설악면 신천중앙로 117","584-3063",
"에덴동물병원","전라남도 진도군 진도읍 교동3길 2","061-542-2785",
"진도개메디컬센터","전라남도 진도군 진도읍 성죽골길 37","061-540-6313",
"가람동물병원","경상남도 창원시 마산회원구 3·15대로 846 (합성동)","055-292-7375",
"위드펫동물병원","경상남도 창원시 마산회원구 3·15대로 809 (합성동)","055-296-4400",
"사랑으로동물병원","경상남도 창원시 마산회원구 합성서1길 157 (합성동)","055-253-7507",
"진북동물병원","경상남도 창원시 마산합포구 진북면 학동로 537-48","055-271-7271",
"삼계동물병원","경상남도 창원시 마산회원구 내서읍 경남대로 975-1","055-232-0075",
"24시 팔용feel동물병원","경상남도 창원시 의창구 평산로 102 (팔용동, 녹주빌딩 102~104호)","255-1275",
"경남유우동물병원","경상남도 창원시 의창구 동읍 용잠로 30-6","293-9509",
"남양동물병원","경상남도 창원시 성산구 대정로 102, 2층 204-1호 (남양동, 개나리3차아파트)","281-3105",
"The행복한동물병원","경상남도 창원시 마산회원구 내서읍 호원로 311, 1층 102호 (호계리치프라자)","055-242-8988",
"내서동물병원","경상남도 창원시 마산회원구 내서읍 삼계로 2","055-232-0975",
"이솝동물병원","경상남도 창원시 의창구 의안로 4 (소답동)","055-293-8833",
"용원동물병원","경상남도 창원시 진해구 용원로 36-1 (용원동)","055-543-7523",
"도그플러스 동물병원","경상남도 창원시 의창구 창원대로 415 (팔용동,삼성홈플러스 지하1층)","055-276-8275",
"24시 용동물병원","경상남도 창원시 성산구 단정로 10, 103호 (상남동)","055-286-7511",
"현리동물병원","경기도 가평군 조종면 현창로 70 (현리동물병원)",
"푸른가축병원(산업동물출장진료전문병원)","","031-582-8012",
"가평축산농협 동물병원","경기도 가평군 가평읍 가화로 55-13","031-582-4111",
"선진가축병원(산업동물출장진료전문병원)","경기도 가평군 가평읍 향교로 3","070-8739-6388",
"청평동물병원","경기도 가평군 청평면 청평중앙로 55-1","585-7573",
"설악동물병원","경기도 가평군 설악면 신천중앙로 117","584-3063",
"에덴동물병원","전라남도 진도군 진도읍 교동3길 2","061-542-2785",
"진도개메디컬센터","전라남도 진도군 진도읍 성죽골길 37","061-540-6313",
"가람동물병원","경상남도 창원시 마산회원구 3·15대로 846 (합성동)","055-292-7375",
"위드펫동물병원","경상남도 창원시 마산회원구 3·15대로 809 (합성동)","055-296-4400",
"사랑으로동물병원","경상남도 창원시 마산회원구 합성서1길 157 (합성동)","055-253-7507",
"진북동물병원","경상남도 창원시 마산합포구 진북면 학동로 537-48","055-271-7271",
"삼계동물병원","경상남도 창원시 마산회원구 내서읍 경남대로 975-1","055-232-0075",
"24시 팔용feel동물병원","경상남도 창원시 의창구 평산로 102 (팔용동, 녹주빌딩 102~104호)","255-1275",
"경남유우동물병원","경상남도 창원시 의창구 동읍 용잠로 30-6","293-9509",
"남양동물병원","경상남도 창원시 성산구 대정로 102, 2층 204-1호 (남양동, 개나리3차아파트)","281-3105",
"The행복한동물병원","경상남도 창원시 마산회원구 내서읍 호원로 311, 1층 102호 (호계리치프라자)","055-242-8988",
"내서동물병원","경상남도 창원시 마산회원구 내서읍 삼계로 2","055-232-0975",
"이솝동물병원","경상남도 창원시 의창구 의안로 4 (소답동)","055-293-8833",
"용원동물병원","경상남도 창원시 진해구 용원로 36-1 (용원동)","055-543-7523",
"도그플러스 동물병원","경상남도 창원시 의창구 창원대로 415 (팔용동,삼성홈플러스 지하1층)","055-276-8275",
"24시 용동물병원","경상남도 창원시 성산구 단정로 10, 103호 (상남동)","055-286-7511",
"한강동물병원","경상남도 창원시 마산합포구 월영남로 7 (해운동)","055-241-5005",
"중앙동물병원","경상남도 창원시 성산구 용지로 96, 105호 (중앙동,하이페르상가)","055-263-8275",
"온누리 동물병원","경상남도 창원시 성산구 원이대로 676 (상남동,금탑빌딩 1층)","055-274-7525",
"튼튼동물병원","경상남도 창원시 성산구 용지로133번길 17 (중앙동,1층)","055-287-0279",
"호박동물병원","","296-4400",
"아이파크 24시 동물병원","경상남도 창원시 마산합포구 3·15대로 255, 103호 (중앙동3가)","055-251-3483",
"펫유동물병원","경상남도 창원시 마산회원구 양덕서로 47 (양덕동)","055-295-5014",
"마창진축산농협 동물병원","경상남도 창원시 의창구 천주로12번길 29 (중동)","055-294-3867",
"가람동물병원","경상남도 창원시 마산회원구 3·15대로 846 (합성동)","055-292-7375",
"위드펫동물병원","경상남도 창원시 마산회원구 3·15대로 809 (합성동)","055-296-4400",
"사랑으로동물병원","경상남도 창원시 마산회원구 합성서1길 157 (합성동)","055-253-7507",
"진북동물병원","경상남도 창원시 마산합포구 진북면 학동로 537-48","055-271-7271",
"삼계동물병원","경상남도 창원시 마산회원구 내서읍 경남대로 975-1","055-232-0075",
"24시 팔용feel동물병원","경상남도 창원시 의창구 평산로 102 (팔용동, 녹주빌딩 102~104호)","255-1275",
"경남유우동물병원","경상남도 창원시 의창구 동읍 용잠로 30-6","293-9509",
"남양동물병원","경상남도 창원시 성산구 대정로 102, 2층 204-1호 (남양동, 개나리3차아파트)","281-3105",
"The행복한동물병원","경상남도 창원시 마산회원구 내서읍 호원로 311, 1층 102호 (호계리치프라자)","055-242-8988",
"내서동물병원","경상남도 창원시 마산회원구 내서읍 삼계로 2","055-232-0975",
"이솝동물병원","경상남도 창원시 의창구 의안로 4 (소답동)","055-293-8833",
"용원동물병원","경상남도 창원시 진해구 용원로 36-1 (용원동)","055-543-7523",
"도그플러스 동물병원","경상남도 창원시 의창구 창원대로 415 (팔용동,삼성홈플러스 지하1층)","055-276-8275",
"24시 용동물병원","경상남도 창원시 성산구 단정로 10, 103호 (상남동)","055-286-7511",
"한강동물병원","경상남도 창원시 마산합포구 월영남로 7 (해운동)","055-241-5005",
"중앙동물병원","경상남도 창원시 성산구 용지로 96, 105호 (중앙동,하이페르상가)","055-263-8275",
"온누리 동물병원","경상남도 창원시 성산구 원이대로 676 (상남동,금탑빌딩 1층)","055-274-7525",
"튼튼동물병원","경상남도 창원시 성산구 용지로133번길 17 (중앙동,1층)","055-287-0279",
"호박동물병원","","296-4400",
"아이파크 24시 동물병원","경상남도 창원시 마산합포구 3·15대로 255, 103호 (중앙동3가)","055-251-3483",
"펫유동물병원","경상남도 창원시 마산회원구 양덕서로 47 (양덕동)","055-295-5014",
"마창진축산농협 동물병원","경상남도 창원시 의창구 천주로12번길 29 (중동)","055-294-3867",
"신대방동물병원","경상남도 창원시 성산구 창이대로881번길 11, 101호 (대방동,1층)","055-263-2600",
"경상동물병원","경상남도 창원시 성산구 원이대로 656, 104호 (상남동,대한상가)","055-263-5144",
"웰빙동물병원","경상남도 창원시 성산구 동산로 88 (상남동)","055-262-1209",
"부산우유동물병원","경상남도 창원시 마산회원구 회원동서로 33 (회원동)",
"한솔동물병원","경상남도 창원시 진해구 냉천로 65 (석동)","055-551-0706",
"조항일동물병원","경상남도 창원시 진해구 해원로 34 (이동)","544-9900",
"창원메디컬동물병원","경상남도 창원시 성산구 마디미로73번길 25, 103호 (상남동, 신우주차빌딩)","055-282-0119",
"미래펫 동물병원","경상남도 창원시 성산구 원이대로473번길 28, 103호 (반림동,반송빌딩)","055-262-7590",
"The행복한동물병원","경상남도 창원시 마산회원구 내서읍 호원로 311, 1층 102호 (호계리치프라자)","055-242-8988",
"내서동물병원","경상남도 창원시 마산회원구 내서읍 삼계로 2","055-232-0975",
"이솝동물병원","경상남도 창원시 의창구 의안로 4 (소답동)","055-293-8833",
"용원동물병원","경상남도 창원시 진해구 용원로 36-1 (용원동)","055-543-7523",
"도그플러스 동물병원","경상남도 창원시 의창구 창원대로 415 (팔용동,삼성홈플러스 지하1층)","055-276-8275",
"24시 용동물병원","경상남도 창원시 성산구 단정로 10, 103호 (상남동)","055-286-7511",
"한강동물병원","경상남도 창원시 마산합포구 월영남로 7 (해운동)","055-241-5005",
"중앙동물병원","경상남도 창원시 성산구 용지로 96, 105호 (중앙동,하이페르상가)","055-263-8275",
"온누리 동물병원","경상남도 창원시 성산구 원이대로 676 (상남동,금탑빌딩 1층)","055-274-7525",
"튼튼동물병원","경상남도 창원시 성산구 용지로133번길 17 (중앙동,1층)","055-287-0279",
"호박동물병원","","296-4400",
"아이파크 24시 동물병원","경상남도 창원시 마산합포구 3·15대로 255, 103호 (중앙동3가)","055-251-3483",
"펫유동물병원","경상남도 창원시 마산회원구 양덕서로 47 (양덕동)","055-295-5014",
"마창진축산농협 동물병원","경상남도 창원시 의창구 천주로12번길 29 (중동)","055-294-3867",
"신대방동물병원","경상남도 창원시 성산구 창이대로881번길 11, 101호 (대방동,1층)","055-263-2600",
"경상동물병원","경상남도 창원시 성산구 원이대로 656, 104호 (상남동,대한상가)","055-263-5144",
"웰빙동물병원","경상남도 창원시 성산구 동산로 88 (상남동)","055-262-1209",
"부산우유동물병원","경상남도 창원시 마산회원구 회원동서로 33 (회원동)",
"한솔동물병원","경상남도 창원시 진해구 냉천로 65 (석동)","055-551-0706",
"조항일동물병원","경상남도 창원시 진해구 해원로 34 (이동)","544-9900",
"창원메디컬동물병원","경상남도 창원시 성산구 마디미로73번길 25, 103호 (상남동, 신우주차빌딩)","055-282-0119",
"미래펫 동물병원","경상남도 창원시 성산구 원이대로473번길 28, 103호 (반림동,반송빌딩)","055-262-7590",
"필유동물병원","경상남도 창원시 진해구 해원로 43 (석동)","055-543-0022",
"쿨펫동물병원","경상남도 창원시 진해구 진해대로 762 (석동,롯데마트 2층)","544-8400",
"스카이동물병원","경상남도 창원시 성산구 동산로 122, 2층 208호 (상남동, 스카이웰빙파크)","055-273-0075",
"도그플러스동물병원","경상남도 창원시 마산회원구 삼호로 56 (양덕동, 홈플러스마산점 6층)","055-251-8800",
"길동물병원","경상남도 창원시 성산구 삼정자로43번길 8 (성주동)","055-274-0075",
"경일 동물병원","경상남도 창원시 마산회원구 북성로 347 (회성동)","055-297-1919",
"마리동물병원","경상남도 창원시 마산회원구 내서읍 삼계6길 12, 201호","055-232-2642",
"짱동물병원","","055-275-7005",
"온누리 동물병원","경상남도 창원시 성산구 원이대로 676 (상남동,금탑빌딩 1층)","055-274-7525",
"튼튼동물병원","경상남도 창원시 성산구 용지로133번길 17 (중앙동,1층)","055-287-0279",
"호박동물병원","","296-4400",
"아이파크 24시 동물병원","경상남도 창원시 마산합포구 3·15대로 255, 103호 (중앙동3가)","055-251-3483",
"펫유동물병원","경상남도 창원시 마산회원구 양덕서로 47 (양덕동)","055-295-5014",
"마창진축산농협 동물병원","경상남도 창원시 의창구 천주로12번길 29 (중동)","055-294-3867",
"신대방동물병원","경상남도 창원시 성산구 창이대로881번길 11, 101호 (대방동,1층)","055-263-2600",
"경상동물병원","경상남도 창원시 성산구 원이대로 656, 104호 (상남동,대한상가)","055-263-5144",
"웰빙동물병원","경상남도 창원시 성산구 동산로 88 (상남동)","055-262-1209",
"부산우유동물병원","경상남도 창원시 마산회원구 회원동서로 33 (회원동)",
"한솔동물병원","경상남도 창원시 진해구 냉천로 65 (석동)","055-551-0706",
"조항일동물병원","경상남도 창원시 진해구 해원로 34 (이동)","544-9900",
"창원메디컬동물병원","경상남도 창원시 성산구 마디미로73번길 25, 103호 (상남동, 신우주차빌딩)","055-282-0119",
"미래펫 동물병원","경상남도 창원시 성산구 원이대로473번길 28, 103호 (반림동,반송빌딩)","055-262-7590",
"필유동물병원","경상남도 창원시 진해구 해원로 43 (석동)","055-543-0022",
"쿨펫동물병원","경상남도 창원시 진해구 진해대로 762 (석동,롯데마트 2층)","544-8400",
"스카이동물병원","경상남도 창원시 성산구 동산로 122, 2층 208호 (상남동, 스카이웰빙파크)","055-273-0075",
"도그플러스동물병원","경상남도 창원시 마산회원구 삼호로 56 (양덕동, 홈플러스마산점 6층)","055-251-8800",
"길동물병원","경상남도 창원시 성산구 삼정자로43번길 8 (성주동)","055-274-0075",
"경일 동물병원","경상남도 창원시 마산회원구 북성로 347 (회성동)","055-297-1919",
"마리동물병원","경상남도 창원시 마산회원구 내서읍 삼계6길 12, 201호","055-232-2642",
"짱동물병원","","055-275-7005",
"동인종합동물병원","경상남도 창원시 진해구 안골로 308 (안골동)","055-552-7980",
"한일종합동물병원","경상남도 창원시 마산회원구 양덕로 170 (양덕동)","055-255-7585",
"서울동물병원","경상남도 창원시 성산구 가음로13번길 33, 108호 (남양동, 남양종합상가)","055-274-1400",
"이든 동물메디컬","경상남도 창원시 성산구 마디미서로 46 (상남동)",
"삼진가축병원","경상남도 창원시 마산합포구 진동면 삼진의거대로 634-71","055-271-2050",
"창원중앙가축병원","경상남도 창원시 의창구 천주로 30 (서상동)",
"새마산동물병원","경상남도 창원시 마산합포구 북성로 89 (상남동)","055-246-1749",
"박수의과동물병원","경상남도 창원시 마산회원구 회성남10길 3 (회성동)","055-256-2478",
"웰빙동물병원","경상남도 창원시 성산구 동산로 88 (상남동)","055-262-1209",
"부산우유동물병원","경상남도 창원시 마산회원구 회원동서로 33 (회원동)",
"한솔동물병원","경상남도 창원시 진해구 냉천로 65 (석동)","055-551-0706",
"조항일동물병원","경상남도 창원시 진해구 해원로 34 (이동)","544-9900",
"창원메디컬동물병원","경상남도 창원시 성산구 마디미로73번길 25, 103호 (상남동, 신우주차빌딩)","055-282-0119",
"미래펫 동물병원","경상남도 창원시 성산구 원이대로473번길 28, 103호 (반림동,반송빌딩)","055-262-7590",
"필유동물병원","경상남도 창원시 진해구 해원로 43 (석동)","055-543-0022",
"쿨펫동물병원","경상남도 창원시 진해구 진해대로 762 (석동,롯데마트 2층)","544-8400",
"스카이동물병원","경상남도 창원시 성산구 동산로 122, 2층 208호 (상남동, 스카이웰빙파크)","055-273-0075",
"도그플러스동물병원","경상남도 창원시 마산회원구 삼호로 56 (양덕동, 홈플러스마산점 6층)","055-251-8800",
"길동물병원","경상남도 창원시 성산구 삼정자로43번길 8 (성주동)","055-274-0075",
"경일 동물병원","경상남도 창원시 마산회원구 북성로 347 (회성동)","055-297-1919",
"마리동물병원","경상남도 창원시 마산회원구 내서읍 삼계6길 12, 201호","055-232-2642",
"짱동물병원","","055-275-7005",
"동인종합동물병원","경상남도 창원시 진해구 안골로 308 (안골동)","055-552-7980",
"한일종합동물병원","경상남도 창원시 마산회원구 양덕로 170 (양덕동)","055-255-7585",
"서울동물병원","경상남도 창원시 성산구 가음로13번길 33, 108호 (남양동, 남양종합상가)","055-274-1400",
"이든 동물메디컬","경상남도 창원시 성산구 마디미서로 46 (상남동)",
"삼진가축병원","경상남도 창원시 마산합포구 진동면 삼진의거대로 634-71","055-271-2050",
"창원중앙가축병원","경상남도 창원시 의창구 천주로 30 (서상동)",
"새마산동물병원","경상남도 창원시 마산합포구 북성로 89 (상남동)","055-246-1749",
"박수의과동물병원","경상남도 창원시 마산회원구 회성남10길 3 (회성동)","055-256-2478",
"창생동물병원","경상남도 창원시 마산회원구 3·15대로 593 (석전동)","055-299-0075",
"고려동물병원","경상남도 창원시 의창구 지귀로 16 (봉곡동)","055-238-6520",
"산호동물병원","경상남도 창원시 마산합포구 삼호로 55 (산호동)","055-247-7202",
"부산동물병원","경상남도 창원시 마산합포구 3·15대로 437 (상남동)","055-243-8104",
"창원동물병원","경상남도 창원시 의창구 원이대로 277 (봉곡동)","055-238-5457",
"진해동물병원","경상남도 창원시 진해구 해원로 5 (이동)","543-1123",
"마산가축병원","경상남도 창원시 마산회원구 회성남5길 3 (회성동)","055-255-5459",
"이화동물병원","경상남도 창원시 마산합포구 3·15대로 424 (상남동)","055-245-8499",
"스카이동물병원","경상남도 창원시 성산구 동산로 122, 2층 208호 (상남동, 스카이웰빙파크)","055-273-0075",
"도그플러스동물병원","경상남도 창원시 마산회원구 삼호로 56 (양덕동, 홈플러스마산점 6층)","055-251-8800",
"길동물병원","경상남도 창원시 성산구 삼정자로43번길 8 (성주동)","055-274-0075",
"경일 동물병원","경상남도 창원시 마산회원구 북성로 347 (회성동)","055-297-1919",
"마리동물병원","경상남도 창원시 마산회원구 내서읍 삼계6길 12, 201호","055-232-2642",
"짱동물병원","","055-275-7005",
"동인종합동물병원","경상남도 창원시 진해구 안골로 308 (안골동)","055-552-7980",
"한일종합동물병원","경상남도 창원시 마산회원구 양덕로 170 (양덕동)","055-255-7585",
"서울동물병원","경상남도 창원시 성산구 가음로13번길 33, 108호 (남양동, 남양종합상가)","055-274-1400",
"이든 동물메디컬","경상남도 창원시 성산구 마디미서로 46 (상남동)",
"삼진가축병원","경상남도 창원시 마산합포구 진동면 삼진의거대로 634-71","055-271-2050",
"창원중앙가축병원","경상남도 창원시 의창구 천주로 30 (서상동)",
"새마산동물병원","경상남도 창원시 마산합포구 북성로 89 (상남동)","055-246-1749",
"박수의과동물병원","경상남도 창원시 마산회원구 회성남10길 3 (회성동)","055-256-2478",
"창생동물병원","경상남도 창원시 마산회원구 3·15대로 593 (석전동)","055-299-0075",
"고려동물병원","경상남도 창원시 의창구 지귀로 16 (봉곡동)","055-238-6520",
"산호동물병원","경상남도 창원시 마산합포구 삼호로 55 (산호동)","055-247-7202",
"부산동물병원","경상남도 창원시 마산합포구 3·15대로 437 (상남동)","055-243-8104",
"창원동물병원","경상남도 창원시 의창구 원이대로 277 (봉곡동)","055-238-5457",
"진해동물병원","경상남도 창원시 진해구 해원로 5 (이동)","543-1123",
"마산가축병원","경상남도 창원시 마산회원구 회성남5길 3 (회성동)","055-255-5459",
"이화동물병원","경상남도 창원시 마산합포구 3·15대로 424 (상남동)","055-245-8499",
"신마산동물병원","경상남도 창원시 마산합포구 3·15대로 26 (월남동4가)","055-246-9989",
"정다운동물병원","경상남도 창원시 성산구 비음로4번길 38 (사파동)","055-262-8275",
"현대동물병원","경상남도 창원시 마산합포구 해안대로 25 (해운동)","055-224-2214",
"상아 동물메디컬","경상남도 창원시 의창구 태복산로3번길 39 (도계동)","055-277-7161",
"회원종합동물병원","경상남도 창원시 마산회원구 회원남1길 49 (회원동)","055-247-4819",
"대방동물병원","경상남도 창원시 성산구 중앙대로83번길 14 (중앙동,창원종합상가1층2호)","055-275-0076",
"강애동물병원","경상남도 창원시 성산구 안민안길 20, 2층 204호 (안민동, 한솔프라자)","055-262-5152",
"O.K 동물병원","경상남도 창원시 진해구 충장로 143-1 (여좌동)","546-7588",
"서울동물병원","경상남도 창원시 성산구 가음로13번길 33, 108호 (남양동, 남양종합상가)","055-274-1400",
"이든 동물메디컬","경상남도 창원시 성산구 마디미서로 46 (상남동)",
"삼진가축병원","경상남도 창원시 마산합포구 진동면 삼진의거대로 634-71","055-271-2050",
"창원중앙가축병원","경상남도 창원시 의창구 천주로 30 (서상동)",
"새마산동물병원","경상남도 창원시 마산합포구 북성로 89 (상남동)","055-246-1749",
"박수의과동물병원","경상남도 창원시 마산회원구 회성남10길 3 (회성동)","055-256-2478",
"창생동물병원","경상남도 창원시 마산회원구 3·15대로 593 (석전동)","055-299-0075",
"고려동물병원","경상남도 창원시 의창구 지귀로 16 (봉곡동)","055-238-6520",
"산호동물병원","경상남도 창원시 마산합포구 삼호로 55 (산호동)","055-247-7202",
"부산동물병원","경상남도 창원시 마산합포구 3·15대로 437 (상남동)","055-243-8104",
"창원동물병원","경상남도 창원시 의창구 원이대로 277 (봉곡동)","055-238-5457",
"진해동물병원","경상남도 창원시 진해구 해원로 5 (이동)","543-1123",
"마산가축병원","경상남도 창원시 마산회원구 회성남5길 3 (회성동)","055-255-5459",
"이화동물병원","경상남도 창원시 마산합포구 3·15대로 424 (상남동)","055-245-8499",
"신마산동물병원","경상남도 창원시 마산합포구 3·15대로 26 (월남동4가)","055-246-9989",
"정다운동물병원","경상남도 창원시 성산구 비음로4번길 38 (사파동)","055-262-8275",
"현대동물병원","경상남도 창원시 마산합포구 해안대로 25 (해운동)","055-224-2214",
"상아 동물메디컬","경상남도 창원시 의창구 태복산로3번길 39 (도계동)","055-277-7161",
"회원종합동물병원","경상남도 창원시 마산회원구 회원남1길 49 (회원동)","055-247-4819",
"대방동물병원","경상남도 창원시 성산구 중앙대로83번길 14 (중앙동,창원종합상가1층2호)","055-275-0076",
"강애동물병원","경상남도 창원시 성산구 안민안길 20, 2층 204호 (안민동, 한솔프라자)","055-262-5152",
"O.K 동물병원","경상남도 창원시 진해구 충장로 143-1 (여좌동)","546-7588",
"낙동가축병원","경상남도 양산시 물금읍 오봉로 15, 상가동 205호","384-6585",
"가온동물병원","경상남도 양산시 물금읍 백호로 96, 201호 (미소프라자)","055-387-8256",
"연합축산(주)","경상남도 양산시 북안남2길 26 (북부동)","387-8805",
"부산경남우유협동조합동물병원","","383-5883",
"웅상동물병원","","366-0300",
"보계동물병원","","374-0488",
"통도동물병원","","383-7873",
"양산 동물 메디컬센터","경상남도 양산시 삽량로 175 (중부동)","365-7582",
"산호동물병원","경상남도 창원시 마산합포구 삼호로 55 (산호동)","055-247-7202",
"부산동물병원","경상남도 창원시 마산합포구 3·15대로 437 (상남동)","055-243-8104",
"창원동물병원","경상남도 창원시 의창구 원이대로 277 (봉곡동)","055-238-5457",
"진해동물병원","경상남도 창원시 진해구 해원로 5 (이동)","543-1123",
"마산가축병원","경상남도 창원시 마산회원구 회성남5길 3 (회성동)","055-255-5459",
"이화동물병원","경상남도 창원시 마산합포구 3·15대로 424 (상남동)","055-245-8499",
"신마산동물병원","경상남도 창원시 마산합포구 3·15대로 26 (월남동4가)","055-246-9989",
"정다운동물병원","경상남도 창원시 성산구 비음로4번길 38 (사파동)","055-262-8275",
"현대동물병원","경상남도 창원시 마산합포구 해안대로 25 (해운동)","055-224-2214",
"상아 동물메디컬","경상남도 창원시 의창구 태복산로3번길 39 (도계동)","055-277-7161",
"회원종합동물병원","경상남도 창원시 마산회원구 회원남1길 49 (회원동)","055-247-4819",
"대방동물병원","경상남도 창원시 성산구 중앙대로83번길 14 (중앙동,창원종합상가1층2호)","055-275-0076",
"강애동물병원","경상남도 창원시 성산구 안민안길 20, 2층 204호 (안민동, 한솔프라자)","055-262-5152",
"O.K 동물병원","경상남도 창원시 진해구 충장로 143-1 (여좌동)","546-7588",
"낙동가축병원","경상남도 양산시 물금읍 오봉로 15, 상가동 205호","384-6585",
"가온동물병원","경상남도 양산시 물금읍 백호로 96, 201호 (미소프라자)","055-387-8256",
"연합축산(주)","경상남도 양산시 북안남2길 26 (북부동)","387-8805",
"부산경남우유협동조합동물병원","","383-5883",
"웅상동물병원","","366-0300",
"보계동물병원","","374-0488",
"통도동물병원","","383-7873",
"양산 동물 메디컬센터","경상남도 양산시 삽량로 175 (중부동)","365-7582",
"웅상프랜드 동물병원","","364-7585",
"송&이 동물병원","","055-363-5004",
"영남동물병원","경상남도 양산시 상북면 반회서3길 18","055-375-9933",
"힘참동물병원","","055-388-7975",
"친친 동물병원","","055-366-9777",
"조재환 동물병원","경상북도 예천군 예천읍 중앙로 72","654-0606",
"서울가축병원","경상북도 예천군 예천읍 시장로 86",
"손 동물병원","경상북도 예천군 풍양면 낙상1길 82",
"현대동물병원","경상남도 창원시 마산합포구 해안대로 25 (해운동)","055-224-2214",
"상아 동물메디컬","경상남도 창원시 의창구 태복산로3번길 39 (도계동)","055-277-7161",
"회원종합동물병원","경상남도 창원시 마산회원구 회원남1길 49 (회원동)","055-247-4819",
"대방동물병원","경상남도 창원시 성산구 중앙대로83번길 14 (중앙동,창원종합상가1층2호)","055-275-0076",
"강애동물병원","경상남도 창원시 성산구 안민안길 20, 2층 204호 (안민동, 한솔프라자)","055-262-5152",
"O.K 동물병원","경상남도 창원시 진해구 충장로 143-1 (여좌동)","546-7588",
"낙동가축병원","경상남도 양산시 물금읍 오봉로 15, 상가동 205호","384-6585",
"가온동물병원","경상남도 양산시 물금읍 백호로 96, 201호 (미소프라자)","055-387-8256",
"연합축산(주)","경상남도 양산시 북안남2길 26 (북부동)","387-8805",
"부산경남우유협동조합동물병원","","383-5883",
"웅상동물병원","","366-0300",
"보계동물병원","","374-0488",
"통도동물병원","","383-7873",
"양산 동물 메디컬센터","경상남도 양산시 삽량로 175 (중부동)","365-7582",
"웅상프랜드 동물병원","","364-7585",
"송&이 동물병원","","055-363-5004",
"영남동물병원","경상남도 양산시 상북면 반회서3길 18","055-375-9933",
"힘참동물병원","","055-388-7975",
"친친 동물병원","","055-366-9777",
"조재환 동물병원","경상북도 예천군 예천읍 중앙로 72","654-0606",
"서울가축병원","경상북도 예천군 예천읍 시장로 86",
"손 동물병원","경상북도 예천군 풍양면 낙상1길 82",
"대관령 가축병원","경상북도 예천군 예천읍 시장로 81",
"예천축협 동물병원","경상북도 예천군 예천읍 구남골길 9","054-654-3371~2",
"대심동물병원","경상북도 예천군 예천읍 효자로 1","054-655-8290",
"다호문가축병원","제주특별자치도 제주시 한림읍 한림남2길 17-2","796-2050",
"이의종동물병원","제주특별자치도 제주시 한림읍 한림로12길 19","799-3022",
"현흥가축병원","제주특별자치도 제주시 구좌읍 세평항로 12","783-1662",
"한라동물종합병원","제주특별자치도 제주시 고마로 37 (일도이동)","753-0880",
"평화","제주특별자치도 제주시 신대로14길 25 (연동, 연동 한양아트빌)","747-7728",
"연합축산(주)","경상남도 양산시 북안남2길 26 (북부동)","387-8805",
"부산경남우유협동조합동물병원","","383-5883",
"웅상동물병원","","366-0300",
"보계동물병원","","374-0488",
"통도동물병원","","383-7873",
"양산 동물 메디컬센터","경상남도 양산시 삽량로 175 (중부동)","365-7582",
"웅상프랜드 동물병원","","364-7585",
"송&이 동물병원","","055-363-5004",
"영남동물병원","경상남도 양산시 상북면 반회서3길 18","055-375-9933",
"힘참동물병원","","055-388-7975",
"친친 동물병원","","055-366-9777",
"조재환 동물병원","경상북도 예천군 예천읍 중앙로 72","654-0606",
"서울가축병원","경상북도 예천군 예천읍 시장로 86",
"손 동물병원","경상북도 예천군 풍양면 낙상1길 82",
"대관령 가축병원","경상북도 예천군 예천읍 시장로 81",
"예천축협 동물병원","경상북도 예천군 예천읍 구남골길 9","054-654-3371~2",
"대심동물병원","경상북도 예천군 예천읍 효자로 1","054-655-8290",
"다호문가축병원","제주특별자치도 제주시 한림읍 한림남2길 17-2","796-2050",
"이의종동물병원","제주특별자치도 제주시 한림읍 한림로12길 19","799-3022",
"현흥가축병원","제주특별자치도 제주시 구좌읍 세평항로 12","783-1662",
"한라동물종합병원","제주특별자치도 제주시 고마로 37 (일도이동)","753-0880",
"평화","제주특별자치도 제주시 신대로14길 25 (연동, 연동 한양아트빌)","747-7728",
"동심동물병원","제주특별자치도 제주시 노연로 141 (연동)","744-1030",
"푸른동물병원","제주특별자치도 제주시 서광로 293 (이도일동, 태안빌딩)","758-8013",
"제주수산동물병원","제주특별자치도 제주시 탑동로 25 (삼도이동)","756-2525",
"제주대학교 수의과대학 부설동물병원","제주특별자치도 제주시 제주대학로 102 (아라일동)","754-3381",
"신제주동물병원","제주특별자치도 제주시 과원북4길 7 (노형동)","744-2992",
"이소영동물병원","제주특별자치도 제주시 연삼로 518 (일도이동)","722-3375",
"KRA 렛츠런파크제주 동물병원","제주특별자치도 제주시 애월읍 평화로 2144","786-8341",
"다나동물병원","제주특별자치도 제주시 동광로 119 (일도이동)","064)757-7577",
"영남동물병원","경상남도 양산시 상북면 반회서3길 18","055-375-9933",
"힘참동물병원","","055-388-7975",
"친친 동물병원","","055-366-9777",
"조재환 동물병원","경상북도 예천군 예천읍 중앙로 72","654-0606",
"서울가축병원","경상북도 예천군 예천읍 시장로 86",
"손 동물병원","경상북도 예천군 풍양면 낙상1길 82",
"대관령 가축병원","경상북도 예천군 예천읍 시장로 81",
"예천축협 동물병원","경상북도 예천군 예천읍 구남골길 9","054-654-3371~2",
"대심동물병원","경상북도 예천군 예천읍 효자로 1","054-655-8290",
"다호문가축병원","제주특별자치도 제주시 한림읍 한림남2길 17-2","796-2050",
"이의종동물병원","제주특별자치도 제주시 한림읍 한림로12길 19","799-3022",
"현흥가축병원","제주특별자치도 제주시 구좌읍 세평항로 12","783-1662",
"한라동물종합병원","제주특별자치도 제주시 고마로 37 (일도이동)","753-0880",
"평화","제주특별자치도 제주시 신대로14길 25 (연동, 연동 한양아트빌)","747-7728",
"동심동물병원","제주특별자치도 제주시 노연로 141 (연동)","744-1030",
"푸른동물병원","제주특별자치도 제주시 서광로 293 (이도일동, 태안빌딩)","758-8013",
"제주수산동물병원","제주특별자치도 제주시 탑동로 25 (삼도이동)","756-2525",
"제주대학교 수의과대학 부설동물병원","제주특별자치도 제주시 제주대학로 102 (아라일동)","754-3381",
"신제주동물병원","제주특별자치도 제주시 과원북4길 7 (노형동)","744-2992",
"이소영동물병원","제주특별자치도 제주시 연삼로 518 (일도이동)","722-3375",
"KRA 렛츠런파크제주 동물병원","제주특별자치도 제주시 애월읍 평화로 2144","786-8341",
"다나동물병원","제주특별자치도 제주시 동광로 119 (일도이동)","064)757-7577",
"행복한동물병원","제주특별자치도 제주시 조천읍 신북로 353-4","742-7425",
"가족동물병원","제주특별자치도 제주시 중앙로 189 (이도일동)","702-7275",
"한국마사회 제주육성목장 동물병원","제주특별자치도 제주시 조천읍 남조로 1660 (한국마사회 제주육성목장)","780-0141",
"해밀동물병원","제주특별자치도 제주시 연신로 85 (이도이동)","744-7582",
"남문동물병원","제주특별자치도 제주시 중앙로 114-1 (삼도이동)","758-4070",
"강남동물병원","제주특별자치도 제주시 중앙로 106 (삼도이동)","723-2005",
"송동물병원","제주특별자치도 제주시 일주동로 185 (화북일동)","064)759-8275",
"제주말전문병원","제주특별자치도 제주시 한림읍 광산로 782-79","796-2114",
"대심동물병원","경상북도 예천군 예천읍 효자로 1","054-655-8290",
"다호문가축병원","제주특별자치도 제주시 한림읍 한림남2길 17-2","796-2050",
"이의종동물병원","제주특별자치도 제주시 한림읍 한림로12길 19","799-3022",
"현흥가축병원","제주특별자치도 제주시 구좌읍 세평항로 12","783-1662",
"한라동물종합병원","제주특별자치도 제주시 고마로 37 (일도이동)","753-0880",
"평화","제주특별자치도 제주시 신대로14길 25 (연동, 연동 한양아트빌)","747-7728",
"동심동물병원","제주특별자치도 제주시 노연로 141 (연동)","744-1030",
"푸른동물병원","제주특별자치도 제주시 서광로 293 (이도일동, 태안빌딩)","758-8013",
"제주수산동물병원","제주특별자치도 제주시 탑동로 25 (삼도이동)","756-2525",
"제주대학교 수의과대학 부설동물병원","제주특별자치도 제주시 제주대학로 102 (아라일동)","754-3381",
"신제주동물병원","제주특별자치도 제주시 과원북4길 7 (노형동)","744-2992",
"이소영동물병원","제주특별자치도 제주시 연삼로 518 (일도이동)","722-3375",
"KRA 렛츠런파크제주 동물병원","제주특별자치도 제주시 애월읍 평화로 2144","786-8341",
"다나동물병원","제주특별자치도 제주시 동광로 119 (일도이동)","064)757-7577",
"행복한동물병원","제주특별자치도 제주시 조천읍 신북로 353-4","742-7425",
"가족동물병원","제주특별자치도 제주시 중앙로 189 (이도일동)","702-7275",
"한국마사회 제주육성목장 동물병원","제주특별자치도 제주시 조천읍 남조로 1660 (한국마사회 제주육성목장)","780-0141",
"해밀동물병원","제주특별자치도 제주시 연신로 85 (이도이동)","744-7582",
"남문동물병원","제주특별자치도 제주시 중앙로 114-1 (삼도이동)","758-4070",
"강남동물병원","제주특별자치도 제주시 중앙로 106 (삼도이동)","723-2005",
"송동물병원","제주특별자치도 제주시 일주동로 185 (화북일동)","064)759-8275",
"제주말전문병원","제주특별자치도 제주시 한림읍 광산로 782-79","796-2114",
"꿈동물병원","제주특별자치도 제주시 월광로 32 (노형동)","744-1128",
"우리동물병원(산업)","제주특별자치도 제주시 한림읍 산록남로 53 (성이시돌피정의집)","743-7585",
"탐라종합동물병원","제주특별자치도 제주시 조천읍 함덕8길 35-8","721-0903",
"중앙동물병원","제주특별자치도 제주시 성신로 15 (연동)","749-7582",
"영인동물병원","","724-7582",
"제주동물병원 연동점","제주특별자치도 제주시 국기중길 14 (연동)","713-7589",
"샘동물병원","제주특별자치도 제주시 애월읍 봉성로3길 14","721-2707/01036935766",
"해맑은동물병원","","742-1868",
"제주수산동물병원","제주특별자치도 제주시 탑동로 25 (삼도이동)","756-2525",
"제주대학교 수의과대학 부설동물병원","제주특별자치도 제주시 제주대학로 102 (아라일동)","754-3381",
"신제주동물병원","제주특별자치도 제주시 과원북4길 7 (노형동)","744-2992",
"이소영동물병원","제주특별자치도 제주시 연삼로 518 (일도이동)","722-3375",
"KRA 렛츠런파크제주 동물병원","제주특별자치도 제주시 애월읍 평화로 2144","786-8341",
"다나동물병원","제주특별자치도 제주시 동광로 119 (일도이동)","064)757-7577",
"행복한동물병원","제주특별자치도 제주시 조천읍 신북로 353-4","742-7425",
"가족동물병원","제주특별자치도 제주시 중앙로 189 (이도일동)","702-7275",
"한국마사회 제주육성목장 동물병원","제주특별자치도 제주시 조천읍 남조로 1660 (한국마사회 제주육성목장)","780-0141",
"해밀동물병원","제주특별자치도 제주시 연신로 85 (이도이동)","744-7582",
"남문동물병원","제주특별자치도 제주시 중앙로 114-1 (삼도이동)","758-4070",
"강남동물병원","제주특별자치도 제주시 중앙로 106 (삼도이동)","723-2005",
"송동물병원","제주특별자치도 제주시 일주동로 185 (화북일동)","064)759-8275",
"제주말전문병원","제주특별자치도 제주시 한림읍 광산로 782-79","796-2114",
"꿈동물병원","제주특별자치도 제주시 월광로 32 (노형동)","744-1128",
"우리동물병원(산업)","제주특별자치도 제주시 한림읍 산록남로 53 (성이시돌피정의집)","743-7585",
"탐라종합동물병원","제주특별자치도 제주시 조천읍 함덕8길 35-8","721-0903",
"중앙동물병원","제주특별자치도 제주시 성신로 15 (연동)","749-7582",
"영인동물병원","","724-7582",
"제주동물병원 연동점","제주특별자치도 제주시 국기중길 14 (연동)","713-7589",
"샘동물병원","제주특별자치도 제주시 애월읍 봉성로3길 14","721-2707/01036935766",
"해맑은동물병원","","742-1868",
"제주축산업협동조합 동물병원","제주특별자치도 제주시 동문로 41 (일도일동)","756-4204",
"24시동물병원","제주특별자치도 제주시 연삼로 353 (도남동)","702-2475",
"교래 말 전문병원","제주특별자치도 제주시 구좌읍 세화경마루길 14-14",
"제일동물병원","제주특별자치도 제주시 한림읍 금악로 25","796-7111",
"희망동물병원","제주특별자치도 제주시 애월읍 봉성로3길 14",
"한국금호동물병원","제주특별자치도 제주시 구좌읍 해맞이해안로 1076-1",
"한서동물병원","제주특별자치도 제주시 아봉로 759 (봉개동)","784-0657",
"서사라동물병원","제주특별자치도 제주시 서사로 148-1 (삼도일동)","702-1275",
"한국마사회 제주육성목장 동물병원","제주특별자치도 제주시 조천읍 남조로 1660 (한국마사회 제주육성목장)","780-0141",
"해밀동물병원","제주특별자치도 제주시 연신로 85 (이도이동)","744-7582",
"남문동물병원","제주특별자치도 제주시 중앙로 114-1 (삼도이동)","758-4070",
"강남동물병원","제주특별자치도 제주시 중앙로 106 (삼도이동)","723-2005",
"송동물병원","제주특별자치도 제주시 일주동로 185 (화북일동)","064)759-8275",
"제주말전문병원","제주특별자치도 제주시 한림읍 광산로 782-79","796-2114",
"꿈동물병원","제주특별자치도 제주시 월광로 32 (노형동)","744-1128",
"우리동물병원(산업)","제주특별자치도 제주시 한림읍 산록남로 53 (성이시돌피정의집)","743-7585",
"탐라종합동물병원","제주특별자치도 제주시 조천읍 함덕8길 35-8","721-0903",
"중앙동물병원","제주특별자치도 제주시 성신로 15 (연동)","749-7582",
"영인동물병원","","724-7582",
"제주동물병원 연동점","제주특별자치도 제주시 국기중길 14 (연동)","713-7589",
"샘동물병원","제주특별자치도 제주시 애월읍 봉성로3길 14","721-2707/01036935766",
"해맑은동물병원","","742-1868",
"제주축산업협동조합 동물병원","제주특별자치도 제주시 동문로 41 (일도일동)","756-4204",
"24시동물병원","제주특별자치도 제주시 연삼로 353 (도남동)","702-2475",
"교래 말 전문병원","제주특별자치도 제주시 구좌읍 세화경마루길 14-14",
"제일동물병원","제주특별자치도 제주시 한림읍 금악로 25","796-7111",
"희망동물병원","제주특별자치도 제주시 애월읍 봉성로3길 14",
"한국금호동물병원","제주특별자치도 제주시 구좌읍 해맞이해안로 1076-1",
"한서동물병원","제주특별자치도 제주시 아봉로 759 (봉개동)","784-0657",
"서사라동물병원","제주특별자치도 제주시 서사로 148-1 (삼도일동)","702-1275",
"이호동물병원","제주특별자치도 제주시 한림읍 금악북로 257",
"제주피그클리닉","제주특별자치도 제주시 한림읍 한림로 580",
"유성동물병원","제주특별자치도 제주시 한림읍 한림중앙로 212","796-4451",
"태흥동물병원","제주특별자치도 제주시 연북로 681 (이도이동)","722-3440",
"서진동물병원","제주특별자치도 제주시 애월읍 상가목장길 84",
"한수풀동물병원","제주특별자치도 제주시 한림읍 한림로 655","064-796-4451",
"서원동물병원","제주특별자치도 제주시 일주동로 38 (화북이동)",
"웰빙축산병원","제주특별자치도 제주시 애월읍 상귀서길 22","742-9947",
"탐라종합동물병원","제주특별자치도 제주시 조천읍 함덕8길 35-8","721-0903",
"중앙동물병원","제주특별자치도 제주시 성신로 15 (연동)","749-7582",
"영인동물병원","","724-7582",
"제주동물병원 연동점","제주특별자치도 제주시 국기중길 14 (연동)","713-7589",
"샘동물병원","제주특별자치도 제주시 애월읍 봉성로3길 14","721-2707/01036935766",
"해맑은동물병원","","742-1868",
"제주축산업협동조합 동물병원","제주특별자치도 제주시 동문로 41 (일도일동)","756-4204",
"24시동물병원","제주특별자치도 제주시 연삼로 353 (도남동)","702-2475",
"교래 말 전문병원","제주특별자치도 제주시 구좌읍 세화경마루길 14-14",
"제일동물병원","제주특별자치도 제주시 한림읍 금악로 25","796-7111",
"희망동물병원","제주특별자치도 제주시 애월읍 봉성로3길 14",
"한국금호동물병원","제주특별자치도 제주시 구좌읍 해맞이해안로 1076-1",
"한서동물병원","제주특별자치도 제주시 아봉로 759 (봉개동)","784-0657",
"서사라동물병원","제주특별자치도 제주시 서사로 148-1 (삼도일동)","702-1275",
"이호동물병원","제주특별자치도 제주시 한림읍 금악북로 257",
"제주피그클리닉","제주특별자치도 제주시 한림읍 한림로 580",
"유성동물병원","제주특별자치도 제주시 한림읍 한림중앙로 212","796-4451",
"태흥동물병원","제주특별자치도 제주시 연북로 681 (이도이동)","722-3440",
"서진동물병원","제주특별자치도 제주시 애월읍 상가목장길 84",
"한수풀동물병원","제주특별자치도 제주시 한림읍 한림로 655","064-796-4451",
"서원동물병원","제주특별자치도 제주시 일주동로 38 (화북이동)",
"웰빙축산병원","제주특별자치도 제주시 애월읍 상귀서길 22","742-9947",
"동물병원 퍼피하우스","제주특별자치도 제주시 용담로17길 12 (용담일동)","721-5703",
"우리들 동물병원","제주특별자치도 제주시 한라대학로 81 (노형동)","711-3943",
"제주대학교 야생동물구조센터","제주특별자치도 제주시 산천단남길 42 (아라일동)","064-752-9582",
"현동물병원","제주특별자치도 제주시 한림읍 금악로1길 2",
"고려동물병원","제주특별자치도 제주시 광양1길 4 (이도일동)","0647225918",
"리더스동물병원","제주특별자치도 제주시 노연로 131 (연동)","064-749-7533",
"예서동물병원","제주특별자치도 제주시 수덕로 13, 1층 103호 (노형동)","0647491801",
"제주동물메디컬센터","제주특별자치도 제주시 한림읍 명랑로 16-1",
"교래 말 전문병원","제주특별자치도 제주시 구좌읍 세화경마루길 14-14",
"제일동물병원","제주특별자치도 제주시 한림읍 금악로 25","796-7111",
"희망동물병원","제주특별자치도 제주시 애월읍 봉성로3길 14",
"한국금호동물병원","제주특별자치도 제주시 구좌읍 해맞이해안로 1076-1",
"한서동물병원","제주특별자치도 제주시 아봉로 759 (봉개동)","784-0657",
"서사라동물병원","제주특별자치도 제주시 서사로 148-1 (삼도일동)","702-1275",
"이호동물병원","제주특별자치도 제주시 한림읍 금악북로 257",
"제주피그클리닉","제주특별자치도 제주시 한림읍 한림로 580",
"유성동물병원","제주특별자치도 제주시 한림읍 한림중앙로 212","796-4451",
"태흥동물병원","제주특별자치도 제주시 연북로 681 (이도이동)","722-3440",
"서진동물병원","제주특별자치도 제주시 애월읍 상가목장길 84",
"한수풀동물병원","제주특별자치도 제주시 한림읍 한림로 655","064-796-4451",
"서원동물병원","제주특별자치도 제주시 일주동로 38 (화북이동)",
"웰빙축산병원","제주특별자치도 제주시 애월읍 상귀서길 22","742-9947",
"동물병원 퍼피하우스","제주특별자치도 제주시 용담로17길 12 (용담일동)","721-5703",
"우리들 동물병원","제주특별자치도 제주시 한라대학로 81 (노형동)","711-3943",
"제주대학교 야생동물구조센터","제주특별자치도 제주시 산천단남길 42 (아라일동)","064-752-9582",
"현동물병원","제주특별자치도 제주시 한림읍 금악로1길 2",
"고려동물병원","제주특별자치도 제주시 광양1길 4 (이도일동)","0647225918",
"리더스동물병원","제주특별자치도 제주시 노연로 131 (연동)","064-749-7533",
"예서동물병원","제주특별자치도 제주시 수덕로 13, 1층 103호 (노형동)","0647491801",
"제주동물메디컬센터","제주특별자치도 제주시 한림읍 명랑로 16-1",
"제주양돈농협 동물병원","제주특별자치도 제주시 한림읍 한림남3길 8","0647968661",
"탐라수산동물병원","제주특별자치도 제주시 조천읍 북선로 344","0647848580",
"백록동물병원","제주특별자치도 제주시 우령서로 89, 101호 (외도일동)","0647471375",
"튼튼동물병원","제주특별자치도 제주시 중앙로 351, 1층 (이도이동)","0647577582",
"한밭동물병원","제주특별자치도 제주시 한림읍 한림상로 203",
"마야동물병원","제주특별자치도 제주시 조천읍 남조로 1760","064-753-2007",
"수동물병원","제주특별자치도 제주시 연삼로 453 (이도이동)",
"로얄말전문병원","제주특별자치도 제주시 구좌읍 충렬로 12",
"유성동물병원","제주특별자치도 제주시 한림읍 한림중앙로 212","796-4451",
"태흥동물병원","제주특별자치도 제주시 연북로 681 (이도이동)","722-3440",
"서진동물병원","제주특별자치도 제주시 애월읍 상가목장길 84",
"한수풀동물병원","제주특별자치도 제주시 한림읍 한림로 655","064-796-4451",
"서원동물병원","제주특별자치도 제주시 일주동로 38 (화북이동)",
"웰빙축산병원","제주특별자치도 제주시 애월읍 상귀서길 22","742-9947",
"동물병원 퍼피하우스","제주특별자치도 제주시 용담로17길 12 (용담일동)","721-5703",
"우리들 동물병원","제주특별자치도 제주시 한라대학로 81 (노형동)","711-3943",
"제주대학교 야생동물구조센터","제주특별자치도 제주시 산천단남길 42 (아라일동)","064-752-9582",
"현동물병원","제주특별자치도 제주시 한림읍 금악로1길 2",
"고려동물병원","제주특별자치도 제주시 광양1길 4 (이도일동)","0647225918",
"리더스동물병원","제주특별자치도 제주시 노연로 131 (연동)","064-749-7533",
"예서동물병원","제주특별자치도 제주시 수덕로 13, 1층 103호 (노형동)","0647491801",
"제주동물메디컬센터","제주특별자치도 제주시 한림읍 명랑로 16-1",
"제주양돈농협 동물병원","제주특별자치도 제주시 한림읍 한림남3길 8","0647968661",
"탐라수산동물병원","제주특별자치도 제주시 조천읍 북선로 344","0647848580",
"백록동물병원","제주특별자치도 제주시 우령서로 89, 101호 (외도일동)","0647471375",
"튼튼동물병원","제주특별자치도 제주시 중앙로 351, 1층 (이도이동)","0647577582",
"한밭동물병원","제주특별자치도 제주시 한림읍 한림상로 203",
"마야동물병원","제주특별자치도 제주시 조천읍 남조로 1760","064-753-2007",
"수동물병원","제주특별자치도 제주시 연삼로 453 (이도이동)",
"로얄말전문병원","제주특별자치도 제주시 구좌읍 충렬로 12",
"찬`s 동물병원","제주특별자치도 제주시 신광로 105, 103, 104호 (연동)","746-7410",
"봄이든 동물병원","제주특별자치도 제주시 애월읍 일주서로 7143, 105호","064-745-9975",
"아라동물병원","제주특별자치도 제주시 중앙로 581 (아라일동)","727-8442",
"임동물병원","충청남도 논산시 중앙로 512 (대교동)","735-2295",
"논산동물병원","충청남도 논산시 중앙로 504 (대교동)","735-3113",
"중앙동물병원","충청남도 논산시 중앙로480번길 42 (반월동)","735-3490",
"서동물병원","충청남도 논산시 강경읍 옥녀봉로19번길 38-1","745-4376",
"가나동물병원","충청남도 논산시 연무읍 안심로127번길 11-2","742-4287,8",
"제주대학교 야생동물구조센터","제주특별자치도 제주시 산천단남길 42 (아라일동)","064-752-9582",
"현동물병원","제주특별자치도 제주시 한림읍 금악로1길 2",
"고려동물병원","제주특별자치도 제주시 광양1길 4 (이도일동)","0647225918",
"리더스동물병원","제주특별자치도 제주시 노연로 131 (연동)","064-749-7533",
"예서동물병원","제주특별자치도 제주시 수덕로 13, 1층 103호 (노형동)","0647491801",
"제주동물메디컬센터","제주특별자치도 제주시 한림읍 명랑로 16-1",
"제주양돈농협 동물병원","제주특별자치도 제주시 한림읍 한림남3길 8","0647968661",
"탐라수산동물병원","제주특별자치도 제주시 조천읍 북선로 344","0647848580",
"백록동물병원","제주특별자치도 제주시 우령서로 89, 101호 (외도일동)","0647471375",
"튼튼동물병원","제주특별자치도 제주시 중앙로 351, 1층 (이도이동)","0647577582",
"한밭동물병원","제주특별자치도 제주시 한림읍 한림상로 203",
"마야동물병원","제주특별자치도 제주시 조천읍 남조로 1760","064-753-2007",
"수동물병원","제주특별자치도 제주시 연삼로 453 (이도이동)",
"로얄말전문병원","제주특별자치도 제주시 구좌읍 충렬로 12",
"찬`s 동물병원","제주특별자치도 제주시 신광로 105, 103, 104호 (연동)","746-7410",
"봄이든 동물병원","제주특별자치도 제주시 애월읍 일주서로 7143, 105호","064-745-9975",
"아라동물병원","제주특별자치도 제주시 중앙로 581 (아라일동)","727-8442",
"임동물병원","충청남도 논산시 중앙로 512 (대교동)","735-2295",
"논산동물병원","충청남도 논산시 중앙로 504 (대교동)","735-3113",
"중앙동물병원","충청남도 논산시 중앙로480번길 42 (반월동)","735-3490",
"서동물병원","충청남도 논산시 강경읍 옥녀봉로19번길 38-1","745-4376",
"가나동물병원","충청남도 논산시 연무읍 안심로127번길 11-2","742-4287,8",
"금강동물병원","충청남도 논산시 계백로 1023 (반월동)","733-5377,2496",
"피그헬스동물병원","충청남도 논산시 연무읍 득안대로 467","742-3865",
"캐비어동물병원","충청남도 논산시 계백로 1006-3 (취암동)","734-8276",
"호크종합동물병원","충청남도 논산시 중앙로398번길 2 (취암동)","736-8875",
"연산동물병원","충청남도 논산시 벌곡면 대둔로 825-6",
"충남동물병원","충청남도 논산시 부적면 백일헌로 25","041-733-5123",
"금강축산가축병원","충청남도 논산시 연무읍 안심로 200-1",
"논산계룡축협 동물병원","충청남도 논산시 시민로194번길 1 (내동)","041-730-2200",
"백록동물병원","제주특별자치도 제주시 우령서로 89, 101호 (외도일동)","0647471375",
"튼튼동물병원","제주특별자치도 제주시 중앙로 351, 1층 (이도이동)","0647577582",
"한밭동물병원","제주특별자치도 제주시 한림읍 한림상로 203",
"마야동물병원","제주특별자치도 제주시 조천읍 남조로 1760","064-753-2007",
"수동물병원","제주특별자치도 제주시 연삼로 453 (이도이동)",
"로얄말전문병원","제주특별자치도 제주시 구좌읍 충렬로 12",
"찬`s 동물병원","제주특별자치도 제주시 신광로 105, 103, 104호 (연동)","746-7410",
"봄이든 동물병원","제주특별자치도 제주시 애월읍 일주서로 7143, 105호","064-745-9975",
"아라동물병원","제주특별자치도 제주시 중앙로 581 (아라일동)","727-8442",
"임동물병원","충청남도 논산시 중앙로 512 (대교동)","735-2295",
"논산동물병원","충청남도 논산시 중앙로 504 (대교동)","735-3113",
"중앙동물병원","충청남도 논산시 중앙로480번길 42 (반월동)","735-3490",
"서동물병원","충청남도 논산시 강경읍 옥녀봉로19번길 38-1","745-4376",
"가나동물병원","충청남도 논산시 연무읍 안심로127번길 11-2","742-4287,8",
"금강동물병원","충청남도 논산시 계백로 1023 (반월동)","733-5377,2496",
"피그헬스동물병원","충청남도 논산시 연무읍 득안대로 467","742-3865",
"캐비어동물병원","충청남도 논산시 계백로 1006-3 (취암동)","734-8276",
"호크종합동물병원","충청남도 논산시 중앙로398번길 2 (취암동)","736-8875",
"연산동물병원","충청남도 논산시 벌곡면 대둔로 825-6",
"충남동물병원","충청남도 논산시 부적면 백일헌로 25","041-733-5123",
"금강축산가축병원","충청남도 논산시 연무읍 안심로 200-1",
"논산계룡축협 동물병원","충청남도 논산시 시민로194번길 1 (내동)","041-730-2200",
"유명동물병원","충청남도 논산시 관촉로 288 (취암동)","733-4290",
"우리생명과학동물병원","충청남도 논산시 성동면 원봉길 7","734-0390",
"봉동동물병원",
"박동물병원","전라북도 완주군 봉동읍 봉동로 133","063-261-3125",
"남문가축병원","전라북도 완주군 고산면 고산로 91","063-263-7777",
"우리가축병원","전라북도 완주군 고산면 고산로 68","063-262-8575",
"이영준동물병원","전라북도 완주군 봉동읍 봉동동서로 40","063-263-5100",
"연합동물병원","전라북도 완주군 용진면 완주로 179","245-7588",
"아라동물병원","제주특별자치도 제주시 중앙로 581 (아라일동)","727-8442",
"임동물병원","충청남도 논산시 중앙로 512 (대교동)","735-2295",
"논산동물병원","충청남도 논산시 중앙로 504 (대교동)","735-3113",
"중앙동물병원","충청남도 논산시 중앙로480번길 42 (반월동)","735-3490",
"서동물병원","충청남도 논산시 강경읍 옥녀봉로19번길 38-1","745-4376",
"가나동물병원","충청남도 논산시 연무읍 안심로127번길 11-2","742-4287,8",
"금강동물병원","충청남도 논산시 계백로 1023 (반월동)","733-5377,2496",
"피그헬스동물병원","충청남도 논산시 연무읍 득안대로 467","742-3865",
"캐비어동물병원","충청남도 논산시 계백로 1006-3 (취암동)","734-8276",
"호크종합동물병원","충청남도 논산시 중앙로398번길 2 (취암동)","736-8875",
"연산동물병원","충청남도 논산시 벌곡면 대둔로 825-6",
"충남동물병원","충청남도 논산시 부적면 백일헌로 25","041-733-5123",
"금강축산가축병원","충청남도 논산시 연무읍 안심로 200-1",
"논산계룡축협 동물병원","충청남도 논산시 시민로194번길 1 (내동)","041-730-2200",
"유명동물병원","충청남도 논산시 관촉로 288 (취암동)","733-4290",
"우리생명과학동물병원","충청남도 논산시 성동면 원봉길 7","734-0390",
"봉동동물병원",
"박동물병원","전라북도 완주군 봉동읍 봉동로 133","063-261-3125",
"남문가축병원","전라북도 완주군 고산면 고산로 91","063-263-7777",
"우리가축병원","전라북도 완주군 고산면 고산로 68","063-262-8575",
"이영준동물병원","전라북도 완주군 봉동읍 봉동동서로 40","063-263-5100",
"연합동물병원","전라북도 완주군 용진면 완주로 179","245-7588",
"태산동물병원","전라북도 완주군 상관면 신리로 75",
"최동물병원","전라북도 완주군 삼례읍 삼봉로 5-1","063-291-6200",
"파주연천축협동물병원","경기도 파주시 적성면 어삼로 36","031-958-2343",
"운정W동물병원","경기도 파주시 미래로 620, 112호 (와동동, 해솔프라자)","031-944-9075",
"금쪽금쪽금쪽반려동물병원","경기도 파주시 가재울로94번길 27 (목동동)","031-944-9979",
"편안한 동물병원","경기도 파주시 미래로 537, 상가동 111호 (목동동)","031-943-3710",
"버디종합동물병원","경기도 파주시 문산읍 문산역로 77","031-953-1183",
"스마일양한방동물병원","경기도 파주시 금빛로 44, 203호 (금촌동, 마이프라자)",
"캐비어동물병원","충청남도 논산시 계백로 1006-3 (취암동)","734-8276",
"호크종합동물병원","충청남도 논산시 중앙로398번길 2 (취암동)","736-8875",
"연산동물병원","충청남도 논산시 벌곡면 대둔로 825-6",
"충남동물병원","충청남도 논산시 부적면 백일헌로 25","041-733-5123",
"금강축산가축병원","충청남도 논산시 연무읍 안심로 200-1",
"논산계룡축협 동물병원","충청남도 논산시 시민로194번길 1 (내동)","041-730-2200",
"유명동물병원","충청남도 논산시 관촉로 288 (취암동)","733-4290",
"우리생명과학동물병원","충청남도 논산시 성동면 원봉길 7","734-0390",
"봉동동물병원",
"박동물병원","전라북도 완주군 봉동읍 봉동로 133","063-261-3125",
"남문가축병원","전라북도 완주군 고산면 고산로 91","063-263-7777",
"우리가축병원","전라북도 완주군 고산면 고산로 68","063-262-8575",
"이영준동물병원","전라북도 완주군 봉동읍 봉동동서로 40","063-263-5100",
"연합동물병원","전라북도 완주군 용진면 완주로 179","245-7588",
"태산동물병원","전라북도 완주군 상관면 신리로 75",
"최동물병원","전라북도 완주군 삼례읍 삼봉로 5-1","063-291-6200",
"파주연천축협동물병원","경기도 파주시 적성면 어삼로 36","031-958-2343",
"운정W동물병원","경기도 파주시 미래로 620, 112호 (와동동, 해솔프라자)","031-944-9075",
"금쪽금쪽금쪽반려동물병원","경기도 파주시 가재울로94번길 27 (목동동)","031-944-9979",
"편안한 동물병원","경기도 파주시 미래로 537, 상가동 111호 (목동동)","031-943-3710",
"버디종합동물병원","경기도 파주시 문산읍 문산역로 77","031-953-1183",
"스마일양한방동물병원","경기도 파주시 금빛로 44, 203호 (금촌동, 마이프라자)",
"행복플러스동물병원","경기도 파주시 와석순환로 431, 105호 (와동동, 신운정프라자)","031-949-1275",
"흥일가축병원","경기도 파주시 조리읍 봉천로 17","031-941-4029",
"용주골동물병원","경기도 파주시 파주읍 술이홀로 422-1","031-952-4674",
"한국동물병원(산업동물에 대한 출장진료를 전문으로 함)","경기도 파주시 월롱면 엘지로 245",
"행복한동물병원","경기도 파주시 중앙로 241 (금촌동)","031-957-0075",
"문산동물병원","경기도 파주시 문산읍 문향로 35","031-953-7570",
"라임동물병원","경기도 파주시 순못길 21 (다율동)",
"호남동물병원","전라남도 보성군 벌교읍 채동선로 210",
"봉동동물병원",
"박동물병원","전라북도 완주군 봉동읍 봉동로 133","063-261-3125",
"남문가축병원","전라북도 완주군 고산면 고산로 91","063-263-7777",
"우리가축병원","전라북도 완주군 고산면 고산로 68","063-262-8575",
"이영준동물병원","전라북도 완주군 봉동읍 봉동동서로 40","063-263-5100",
"연합동물병원","전라북도 완주군 용진면 완주로 179","245-7588",
"태산동물병원","전라북도 완주군 상관면 신리로 75",
"최동물병원","전라북도 완주군 삼례읍 삼봉로 5-1","063-291-6200",
"파주연천축협동물병원","경기도 파주시 적성면 어삼로 36","031-958-2343",
"운정W동물병원","경기도 파주시 미래로 620, 112호 (와동동, 해솔프라자)","031-944-9075",
"금쪽금쪽금쪽반려동물병원","경기도 파주시 가재울로94번길 27 (목동동)","031-944-9979",
"편안한 동물병원","경기도 파주시 미래로 537, 상가동 111호 (목동동)","031-943-3710",
"버디종합동물병원","경기도 파주시 문산읍 문산역로 77","031-953-1183",
"스마일양한방동물병원","경기도 파주시 금빛로 44, 203호 (금촌동, 마이프라자)",
"행복플러스동물병원","경기도 파주시 와석순환로 431, 105호 (와동동, 신운정프라자)","031-949-1275",
"흥일가축병원","경기도 파주시 조리읍 봉천로 17","031-941-4029",
"용주골동물병원","경기도 파주시 파주읍 술이홀로 422-1","031-952-4674",
"한국동물병원(산업동물에 대한 출장진료를 전문으로 함)","경기도 파주시 월롱면 엘지로 245",
"행복한동물병원","경기도 파주시 중앙로 241 (금촌동)","031-957-0075",
"문산동물병원","경기도 파주시 문산읍 문향로 35","031-953-7570",
"라임동물병원","경기도 파주시 순못길 21 (다율동)",
"호남동물병원","전라남도 보성군 벌교읍 채동선로 210",
"보성동물병원","전라남도 보성군 보성읍 현충로 45",
"벌교동물병원","전라남도 보성군 벌교읍 태백산맥길 99",
"현대동물병원","전라남도 보성군 보성읍 신일길 12-1",
"홍교동물병원","전라남도 보성군 벌교읍 계두길 17-2",
"제일동물병원","전라남도 보성군 보성읍 현충로 74","852-2615",
"선닥터동물병원","전라남도 보성군 보성읍 송재로 151","061-852-8990",
"전남낙농농협 보성공장 동물병원","전라남도 보성군 벌교읍 남하로 158","061-858-6330",

"파주연천축협동물병원","경기도 파주시 적성면 어삼로 36","031-958-2343",
"운정W동물병원","경기도 파주시 미래로 620, 112호 (와동동, 해솔프라자)","031-944-9075",
"금쪽금쪽금쪽반려동물병원","경기도 파주시 가재울로94번길 27 (목동동)","031-944-9979",
"편안한 동물병원","경기도 파주시 미래로 537, 상가동 111호 (목동동)","031-943-3710",
"버디종합동물병원","경기도 파주시 문산읍 문산역로 77","031-953-1183",
"스마일양한방동물병원","경기도 파주시 금빛로 44, 203호 (금촌동, 마이프라자)",
"행복플러스동물병원","경기도 파주시 와석순환로 431, 105호 (와동동, 신운정프라자)","031-949-1275",
"흥일가축병원","경기도 파주시 조리읍 봉천로 17","031-941-4029",
"용주골동물병원","경기도 파주시 파주읍 술이홀로 422-1","031-952-4674",
"한국동물병원(산업동물에 대한 출장진료를 전문으로 함)","경기도 파주시 월롱면 엘지로 245",
"행복한동물병원","경기도 파주시 중앙로 241 (금촌동)","031-957-0075",
"문산동물병원","경기도 파주시 문산읍 문향로 35","031-953-7570",
"라임동물병원","경기도 파주시 순못길 21 (다율동)",
"호남동물병원","전라남도 보성군 벌교읍 채동선로 210",
"보성동물병원","전라남도 보성군 보성읍 현충로 45",
"벌교동물병원","전라남도 보성군 벌교읍 태백산맥길 99",
"현대동물병원","전라남도 보성군 보성읍 신일길 12-1",
"홍교동물병원","전라남도 보성군 벌교읍 계두길 17-2",
"제일동물병원","전라남도 보성군 보성읍 현충로 74","852-2615",
"선닥터동물병원","전라남도 보성군 보성읍 송재로 151","061-852-8990",
"전남낙농농협 보성공장 동물병원","전라남도 보성군 벌교읍 남하로 158","061-858-6330",









"용주골동물병원","경기도 파주시 파주읍 술이홀로 422-1","031-952-4674",
"한국동물병원(산업동물에 대한 출장진료를 전문으로 함)","경기도 파주시 월롱면 엘지로 245",
"행복한동물병원","경기도 파주시 중앙로 241 (금촌동)","031-957-0075",
"문산동물병원","경기도 파주시 문산읍 문향로 35","031-953-7570",
"라임동물병원","경기도 파주시 순못길 21 (다율동)",
"호남동물병원","전라남도 보성군 벌교읍 채동선로 210",
"보성동물병원","전라남도 보성군 보성읍 현충로 45",
"벌교동물병원","전라남도 보성군 벌교읍 태백산맥길 99",
"현대동물병원","전라남도 보성군 보성읍 신일길 12-1",
"홍교동물병원","전라남도 보성군 벌교읍 계두길 17-2",
"제일동물병원","전라남도 보성군 보성읍 현충로 74","852-2615",
"선닥터동물병원","전라남도 보성군 보성읍 송재로 151","061-852-8990",
"전남낙농농협 보성공장 동물병원","전라남도 보성군 벌교읍 남하로 158","061-858-6330",

















"현대동물병원","전라남도 보성군 보성읍 신일길 12-1",
"홍교동물병원","전라남도 보성군 벌교읍 계두길 17-2",
"제일동물병원","전라남도 보성군 보성읍 현충로 74","852-2615",
"선닥터동물병원","전라남도 보성군 보성읍 송재로 151","061-852-8990",
"전남낙농농협 보성공장 동물병원","전라남도 보성군 벌교읍 남하로 158","061-858-6330",

























